category,src_image,trg_image,total_kps,PCK@0.05,PCK@0.1,PCK@0.15,PCK@0.2
aeroplane,2007_006212.jpg,2010_002577.jpg,11,45.45454545454545,63.63636363636363,63.63636363636363,81.81818181818183
aeroplane,2008_000033.jpg,2010_001426.jpg,16,43.75,50.0,56.25,56.25
aeroplane,2008_002719.jpg,2009_003635.jpg,16,18.75,50.0,62.5,62.5
aeroplane,2008_003261.jpg,2008_003673.jpg,11,36.36363636363637,36.36363636363637,36.36363636363637,36.36363636363637
aeroplane,2008_003673.jpg,2008_003261.jpg,11,45.45454545454545,54.54545454545454,63.63636363636363,72.72727272727273
aeroplane,2008_003703.jpg,2008_004802.jpg,11,63.63636363636363,63.63636363636363,81.81818181818183,90.9090909090909
aeroplane,2008_003729.jpg,2008_008424.jpg,14,50.0,71.42857142857143,71.42857142857143,78.57142857142857
aeroplane,2008_003788.jpg,2008_008004.jpg,11,18.181818181818183,27.27272727272727,36.36363636363637,36.36363636363637
aeroplane,2008_003976.jpg,2009_003278.jpg,12,41.66666666666667,50.0,66.66666666666666,75.0
aeroplane,2008_004165.jpg,2010_006034.jpg,9,22.22222222222222,22.22222222222222,22.22222222222222,44.44444444444444
aeroplane,2008_004605.jpg,2011_002346.jpg,11,18.181818181818183,18.181818181818183,36.36363636363637,36.36363636363637
aeroplane,2008_004739.jpg,2009_004812.jpg,9,22.22222222222222,44.44444444444444,44.44444444444444,44.44444444444444
aeroplane,2008_004802.jpg,2008_003703.jpg,11,72.72727272727273,81.81818181818183,81.81818181818183,81.81818181818183
aeroplane,2008_004917.jpg,2008_005634.jpg,12,66.66666666666666,75.0,83.33333333333334,83.33333333333334
aeroplane,2008_005373.jpg,2008_008028.jpg,11,36.36363636363637,63.63636363636363,63.63636363636363,90.9090909090909
aeroplane,2008_005634.jpg,2008_004917.jpg,12,66.66666666666666,66.66666666666666,75.0,75.0
aeroplane,2008_006623.jpg,2008_008373.jpg,13,38.46153846153847,53.84615384615385,69.23076923076923,84.61538461538461
aeroplane,2008_007480.jpg,2011_002114.jpg,11,81.81818181818183,81.81818181818183,81.81818181818183,81.81818181818183
aeroplane,2008_007738.jpg,2009_002625.jpg,13,30.76923076923077,53.84615384615385,69.23076923076923,76.92307692307693
aeroplane,2008_008004.jpg,2008_003788.jpg,11,36.36363636363637,54.54545454545454,63.63636363636363,63.63636363636363
aeroplane,2008_008028.jpg,2008_003673.jpg,11,54.54545454545454,54.54545454545454,63.63636363636363,72.72727272727273
aeroplane,2008_008215.jpg,2010_000250.jpg,15,26.666666666666668,46.666666666666664,66.66666666666666,66.66666666666666
aeroplane,2008_008373.jpg,2008_006623.jpg,13,69.23076923076923,76.92307692307693,76.92307692307693,76.92307692307693
aeroplane,2008_008424.jpg,2008_003729.jpg,14,57.14285714285714,57.14285714285714,64.28571428571429,71.42857142857143
aeroplane,2009_000817.jpg,2009_002432.jpg,13,53.84615384615385,61.53846153846154,61.53846153846154,69.23076923076923
aeroplane,2009_001332.jpg,2011_000874.jpg,11,45.45454545454545,54.54545454545454,63.63636363636363,63.63636363636363
aeroplane,2009_001344.jpg,2008_003261.jpg,11,27.27272727272727,54.54545454545454,54.54545454545454,63.63636363636363
aeroplane,2009_001435.jpg,2008_000033.jpg,16,56.25,56.25,68.75,81.25
aeroplane,2009_002432.jpg,2010_004312.jpg,13,76.92307692307693,100.0,100.0,100.0
aeroplane,2009_002625.jpg,2008_007738.jpg,13,23.076923076923077,38.46153846153847,69.23076923076923,69.23076923076923
aeroplane,2009_003005.jpg,2011_002380.jpg,15,13.333333333333334,26.666666666666668,40.0,40.0
aeroplane,2009_003066.jpg,2009_002432.jpg,13,38.46153846153847,84.61538461538461,92.3076923076923,92.3076923076923
aeroplane,2009_003278.jpg,2008_003976.jpg,12,41.66666666666667,50.0,58.333333333333336,75.0
aeroplane,2009_003372.jpg,2009_001332.jpg,11,27.27272727272727,36.36363636363637,54.54545454545454,63.63636363636363
aeroplane,2009_003396.jpg,2011_001407.jpg,11,36.36363636363637,54.54545454545454,72.72727272727273,90.9090909090909
aeroplane,2009_003456.jpg,2008_007480.jpg,11,27.27272727272727,36.36363636363637,54.54545454545454,63.63636363636363
aeroplane,2009_003524.jpg,2008_003703.jpg,11,36.36363636363637,36.36363636363637,36.36363636363637,54.54545454545454
aeroplane,2009_003635.jpg,2008_002719.jpg,16,31.25,50.0,56.25,68.75
aeroplane,2009_003806.jpg,2009_001332.jpg,11,27.27272727272727,63.63636363636363,72.72727272727273,72.72727272727273
aeroplane,2009_003950.jpg,2009_003806.jpg,11,36.36363636363637,63.63636363636363,72.72727272727273,72.72727272727273
aeroplane,2009_004203.jpg,2011_000103.jpg,13,46.15384615384615,76.92307692307693,92.3076923076923,92.3076923076923
aeroplane,2009_004812.jpg,2008_004739.jpg,9,11.11111111111111,33.33333333333333,55.55555555555556,55.55555555555556
aeroplane,2009_005120.jpg,2010_003495.jpg,16,68.75,81.25,81.25,81.25
aeroplane,2009_005189.jpg,2009_003005.jpg,15,20.0,40.0,53.333333333333336,60.0
aeroplane,2010_000250.jpg,2008_008215.jpg,15,26.666666666666668,40.0,53.333333333333336,66.66666666666666
aeroplane,2010_001426.jpg,2010_006082.jpg,16,62.5,75.0,87.5,93.75
aeroplane,2010_001448.jpg,2010_002147.jpg,16,25.0,43.75,50.0,56.25
aeroplane,2010_001583.jpg,2008_004802.jpg,11,36.36363636363637,36.36363636363637,36.36363636363637,45.45454545454545
aeroplane,2010_002065.jpg,2010_003495.jpg,16,68.75,75.0,75.0,81.25
aeroplane,2010_002147.jpg,2010_001448.jpg,16,37.5,62.5,75.0,75.0
aeroplane,2010_002542.jpg,2010_002577.jpg,11,36.36363636363637,54.54545454545454,54.54545454545454,63.63636363636363
aeroplane,2010_002577.jpg,2007_006212.jpg,11,45.45454545454545,45.45454545454545,45.45454545454545,54.54545454545454
aeroplane,2010_003495.jpg,2009_005120.jpg,16,56.25,56.25,68.75,81.25
aeroplane,2010_003816.jpg,2009_004203.jpg,13,38.46153846153847,61.53846153846154,84.61538461538461,84.61538461538461
aeroplane,2010_004184.jpg,2011_001407.jpg,11,27.27272727272727,63.63636363636363,63.63636363636363,72.72727272727273
aeroplane,2010_004312.jpg,2009_002432.jpg,13,76.92307692307693,84.61538461538461,92.3076923076923,92.3076923076923
aeroplane,2010_004998.jpg,2011_002091.jpg,13,46.15384615384615,53.84615384615385,53.84615384615385,61.53846153846154
aeroplane,2010_006034.jpg,2008_004165.jpg,9,33.33333333333333,44.44444444444444,44.44444444444444,44.44444444444444
aeroplane,2010_006082.jpg,2010_001426.jpg,16,75.0,93.75,93.75,93.75
aeroplane,2011_000103.jpg,2009_004203.jpg,13,61.53846153846154,61.53846153846154,92.3076923076923,92.3076923076923
aeroplane,2011_000874.jpg,2009_001332.jpg,11,45.45454545454545,63.63636363636363,72.72727272727273,72.72727272727273
aeroplane,2011_001320.jpg,2011_001480.jpg,16,43.75,56.25,56.25,68.75
aeroplane,2011_001407.jpg,2010_004184.jpg,11,27.27272727272727,45.45454545454545,81.81818181818183,81.81818181818183
aeroplane,2011_001480.jpg,2011_001320.jpg,16,56.25,62.5,75.0,75.0
aeroplane,2011_002091.jpg,2010_004998.jpg,13,38.46153846153847,53.84615384615385,76.92307692307693,76.92307692307693
aeroplane,2011_002114.jpg,2008_007480.jpg,11,72.72727272727273,72.72727272727273,81.81818181818183,81.81818181818183
aeroplane,2011_002346.jpg,2008_004605.jpg,11,9.090909090909092,36.36363636363637,63.63636363636363,63.63636363636363
aeroplane,2011_002380.jpg,2009_003005.jpg,15,40.0,60.0,66.66666666666666,66.66666666666666
aeroplane,2011_002470.jpg,2008_003703.jpg,11,81.81818181818183,81.81818181818183,90.9090909090909,90.9090909090909
bicycle,2007_000584.jpg,2009_003519.jpg,11,9.090909090909092,27.27272727272727,36.36363636363637,54.54545454545454
bicycle,2007_002227.jpg,2011_002713.jpg,11,18.181818181818183,45.45454545454545,45.45454545454545,45.45454545454545
bicycle,2007_003188.jpg,2010_000898.jpg,11,9.090909090909092,36.36363636363637,45.45454545454545,45.45454545454545
bicycle,2007_004769.jpg,2007_000584.jpg,11,0.0,0.0,9.090909090909092,18.181818181818183
bicycle,2007_005702.jpg,2009_002194.jpg,11,9.090909090909092,18.181818181818183,27.27272727272727,36.36363636363637
bicycle,2007_009258.jpg,2008_008337.jpg,11,45.45454545454545,54.54545454545454,54.54545454545454,63.63636363636363
bicycle,2007_009788.jpg,2008_004592.jpg,11,63.63636363636363,63.63636363636363,90.9090909090909,90.9090909090909
bicycle,2008_000133.jpg,2009_004121.jpg,11,54.54545454545454,63.63636363636363,63.63636363636363,72.72727272727273
bicycle,2008_001626.jpg,2009_004642.jpg,11,36.36363636363637,54.54545454545454,63.63636363636363,72.72727272727273
bicycle,2008_002418.jpg,2009_002400.jpg,11,45.45454545454545,63.63636363636363,72.72727272727273,72.72727272727273
bicycle,2008_002883.jpg,2008_004592.jpg,11,36.36363636363637,45.45454545454545,54.54545454545454,63.63636363636363
bicycle,2008_002894.jpg,2008_006467.jpg,11,36.36363636363637,45.45454545454545,63.63636363636363,72.72727272727273
bicycle,2008_003768.jpg,2008_004280.jpg,11,45.45454545454545,54.54545454545454,63.63636363636363,63.63636363636363
bicycle,2008_004280.jpg,2008_003768.jpg,11,54.54545454545454,63.63636363636363,72.72727272727273,81.81818181818183
bicycle,2008_004592.jpg,2009_002087.jpg,11,54.54545454545454,54.54545454545454,54.54545454545454,54.54545454545454
bicycle,2008_004758.jpg,2010_005211.jpg,11,54.54545454545454,81.81818181818183,90.9090909090909,90.9090909090909
bicycle,2008_005147.jpg,2009_003193.jpg,11,45.45454545454545,63.63636363636363,63.63636363636363,72.72727272727273
bicycle,2008_005356.jpg,2009_004934.jpg,11,45.45454545454545,63.63636363636363,72.72727272727273,81.81818181818183
bicycle,2008_005412.jpg,2010_000401.jpg,11,36.36363636363637,54.54545454545454,54.54545454545454,63.63636363636363
bicycle,2008_005713.jpg,2009_004121.jpg,11,45.45454545454545,45.45454545454545,45.45454545454545,63.63636363636363
bicycle,2008_005727.jpg,2010_004182.jpg,11,54.54545454545454,72.72727272727273,81.81818181818183,81.81818181818183
bicycle,2008_005982.jpg,2010_005909.jpg,11,36.36363636363637,45.45454545454545,45.45454545454545,45.45454545454545
bicycle,2008_006234.jpg,2009_005178.jpg,11,27.27272727272727,36.36363636363637,36.36363636363637,36.36363636363637
bicycle,2008_006253.jpg,2007_009258.jpg,11,45.45454545454545,54.54545454545454,63.63636363636363,72.72727272727273
bicycle,2008_006467.jpg,2008_005727.jpg,11,45.45454545454545,45.45454545454545,45.45454545454545,45.45454545454545
bicycle,2008_006579.jpg,2008_004280.jpg,11,36.36363636363637,54.54545454545454,54.54545454545454,63.63636363636363
bicycle,2008_007019.jpg,2009_003381.jpg,11,27.27272727272727,54.54545454545454,63.63636363636363,72.72727272727273
bicycle,2008_007265.jpg,2010_003912.jpg,11,45.45454545454545,45.45454545454545,45.45454545454545,63.63636363636363
bicycle,2008_007915.jpg,2011_002713.jpg,11,36.36363636363637,36.36363636363637,45.45454545454545,45.45454545454545
bicycle,2008_008080.jpg,2009_001840.jpg,11,54.54545454545454,63.63636363636363,72.72727272727273,72.72727272727273
bicycle,2008_008307.jpg,2008_002894.jpg,11,36.36363636363637,54.54545454545454,63.63636363636363,72.72727272727273
bicycle,2008_008337.jpg,2008_005147.jpg,11,36.36363636363637,36.36363636363637,36.36363636363637,45.45454545454545
bicycle,2008_008652.jpg,2011_002713.jpg,11,18.181818181818183,18.181818181818183,36.36363636363637,36.36363636363637
bicycle,2008_008711.jpg,2011_000950.jpg,11,63.63636363636363,63.63636363636363,63.63636363636363,63.63636363636363
bicycle,2008_008753.jpg,2011_002006.jpg,10,30.0,40.0,50.0,80.0
bicycle,2009_000149.jpg,2009_000344.jpg,11,45.45454545454545,45.45454545454545,54.54545454545454,54.54545454545454
bicycle,2009_000344.jpg,2008_000133.jpg,11,36.36363636363637,54.54545454545454,54.54545454545454,54.54545454545454
bicycle,2009_000445.jpg,2010_006031.jpg,11,54.54545454545454,63.63636363636363,72.72727272727273,81.81818181818183
bicycle,2009_000461.jpg,2010_006070.jpg,11,54.54545454545454,54.54545454545454,54.54545454545454,54.54545454545454
bicycle,2009_000573.jpg,2009_004822.jpg,11,72.72727272727273,72.72727272727273,81.81818181818183,81.81818181818183
bicycle,2009_000634.jpg,2009_000985.jpg,11,54.54545454545454,63.63636363636363,72.72727272727273,72.72727272727273
bicycle,2009_000756.jpg,2009_000985.jpg,11,63.63636363636363,72.72727272727273,72.72727272727273,72.72727272727273
bicycle,2009_000985.jpg,2010_004182.jpg,11,72.72727272727273,72.72727272727273,72.72727272727273,72.72727272727273
bicycle,2009_001456.jpg,2010_005116.jpg,11,45.45454545454545,45.45454545454545,45.45454545454545,54.54545454545454
bicycle,2009_001481.jpg,2009_002295.jpg,11,27.27272727272727,45.45454545454545,54.54545454545454,72.72727272727273
bicycle,2009_001695.jpg,2010_004182.jpg,11,54.54545454545454,63.63636363636363,81.81818181818183,81.81818181818183
bicycle,2009_001704.jpg,2010_000829.jpg,11,27.27272727272727,54.54545454545454,63.63636363636363,63.63636363636363
bicycle,2009_001840.jpg,2009_001704.jpg,11,36.36363636363637,63.63636363636363,63.63636363636363,72.72727272727273
bicycle,2009_002087.jpg,2010_004537.jpg,11,54.54545454545454,63.63636363636363,72.72727272727273,72.72727272727273
bicycle,2009_002194.jpg,2010_005556.jpg,11,36.36363636363637,36.36363636363637,45.45454545454545,54.54545454545454
bicycle,2009_002295.jpg,2010_003811.jpg,11,18.181818181818183,27.27272727272727,36.36363636363637,36.36363636363637
bicycle,2009_002400.jpg,2008_002418.jpg,11,18.181818181818183,36.36363636363637,54.54545454545454,72.72727272727273
bicycle,2009_002401.jpg,2009_003469.jpg,11,27.27272727272727,36.36363636363637,54.54545454545454,81.81818181818183
bicycle,2009_002438.jpg,2010_000557.jpg,11,18.181818181818183,36.36363636363637,45.45454545454545,45.45454545454545
bicycle,2009_002764.jpg,2009_004561.jpg,11,54.54545454545454,72.72727272727273,72.72727272727273,72.72727272727273
bicycle,2009_002835.jpg,2009_000756.jpg,11,45.45454545454545,63.63636363636363,63.63636363636363,63.63636363636363
bicycle,2009_002928.jpg,2010_005093.jpg,11,63.63636363636363,72.72727272727273,72.72727272727273,72.72727272727273
bicycle,2009_003193.jpg,2010_005116.jpg,11,45.45454545454545,54.54545454545454,54.54545454545454,54.54545454545454
bicycle,2009_003224.jpg,2007_000584.jpg,11,45.45454545454545,45.45454545454545,54.54545454545454,54.54545454545454
bicycle,2009_003381.jpg,2011_002713.jpg,11,36.36363636363637,45.45454545454545,45.45454545454545,45.45454545454545
bicycle,2009_003469.jpg,2010_004831.jpg,11,36.36363636363637,45.45454545454545,54.54545454545454,63.63636363636363
bicycle,2009_003519.jpg,2010_005093.jpg,11,36.36363636363637,45.45454545454545,72.72727272727273,72.72727272727273
bicycle,2009_003832.jpg,2010_000401.jpg,11,54.54545454545454,54.54545454545454,54.54545454545454,63.63636363636363
bicycle,2009_004121.jpg,2008_005713.jpg,11,45.45454545454545,63.63636363636363,63.63636363636363,63.63636363636363
bicycle,2009_004303.jpg,2011_002713.jpg,11,18.181818181818183,27.27272727272727,36.36363636363637,45.45454545454545
bicycle,2009_004444.jpg,2011_000950.jpg,11,72.72727272727273,72.72727272727273,72.72727272727273,72.72727272727273
bicycle,2009_004551.jpg,2009_001456.jpg,11,54.54545454545454,81.81818181818183,81.81818181818183,81.81818181818183
bicycle,2009_004561.jpg,2011_001138.jpg,11,63.63636363636363,63.63636363636363,63.63636363636363,63.63636363636363
bicycle,2009_004642.jpg,2008_001626.jpg,11,63.63636363636363,63.63636363636363,63.63636363636363,72.72727272727273
bicycle,2009_004797.jpg,2010_001183.jpg,11,45.45454545454545,54.54545454545454,63.63636363636363,81.81818181818183
bicycle,2009_004822.jpg,2008_005713.jpg,11,54.54545454545454,63.63636363636363,63.63636363636363,81.81818181818183
bicycle,2009_004914.jpg,2010_002211.jpg,10,10.0,20.0,20.0,40.0
bicycle,2009_004934.jpg,2008_005356.jpg,11,45.45454545454545,45.45454545454545,54.54545454545454,63.63636363636363
bicycle,2009_004972.jpg,2010_005782.jpg,11,36.36363636363637,45.45454545454545,63.63636363636363,63.63636363636363
bicycle,2009_004984.jpg,2010_002814.jpg,11,45.45454545454545,54.54545454545454,63.63636363636363,63.63636363636363
bicycle,2009_005064.jpg,2008_005147.jpg,11,36.36363636363637,54.54545454545454,54.54545454545454,54.54545454545454
bicycle,2009_005098.jpg,2010_005211.jpg,11,27.27272727272727,36.36363636363637,36.36363636363637,36.36363636363637
bicycle,2009_005103.jpg,2009_003469.jpg,11,36.36363636363637,45.45454545454545,63.63636363636363,72.72727272727273
bicycle,2009_005154.jpg,2009_003469.jpg,11,54.54545454545454,54.54545454545454,81.81818181818183,81.81818181818183
bicycle,2009_005156.jpg,2010_005782.jpg,11,54.54545454545454,81.81818181818183,81.81818181818183,81.81818181818183
bicycle,2009_005178.jpg,2008_006234.jpg,11,36.36363636363637,45.45454545454545,54.54545454545454,63.63636363636363
bicycle,2010_000056.jpg,2007_009788.jpg,11,45.45454545454545,45.45454545454545,45.45454545454545,63.63636363636363
bicycle,2010_000113.jpg,2009_003519.jpg,11,9.090909090909092,18.181818181818183,18.181818181818183,45.45454545454545
bicycle,2010_000209.jpg,2009_004444.jpg,11,54.54545454545454,72.72727272727273,81.81818181818183,81.81818181818183
bicycle,2010_000342.jpg,2010_005556.jpg,11,63.63636363636363,72.72727272727273,100.0,100.0
bicycle,2010_000401.jpg,2010_003811.jpg,11,54.54545454545454,63.63636363636363,72.72727272727273,72.72727272727273
bicycle,2010_000557.jpg,2009_002438.jpg,11,72.72727272727273,72.72727272727273,81.81818181818183,90.9090909090909
bicycle,2010_000685.jpg,2009_004303.jpg,11,36.36363636363637,45.45454545454545,54.54545454545454,54.54545454545454
bicycle,2010_000829.jpg,2009_001704.jpg,11,45.45454545454545,54.54545454545454,54.54545454545454,54.54545454545454
bicycle,2010_000898.jpg,2009_000985.jpg,11,45.45454545454545,45.45454545454545,54.54545454545454,54.54545454545454
bicycle,2010_001183.jpg,2009_004797.jpg,11,63.63636363636363,63.63636363636363,63.63636363636363,63.63636363636363
bicycle,2010_001514.jpg,2010_000056.jpg,11,27.27272727272727,36.36363636363637,45.45454545454545,45.45454545454545
bicycle,2010_001592.jpg,2011_001643.jpg,11,54.54545454545454,81.81818181818183,81.81818181818183,81.81818181818183
bicycle,2010_001753.jpg,2011_002811.jpg,11,9.090909090909092,45.45454545454545,45.45454545454545,54.54545454545454
bicycle,2010_002030.jpg,2011_003148.jpg,11,45.45454545454545,63.63636363636363,72.72727272727273,72.72727272727273
bicycle,2010_002180.jpg,2010_005664.jpg,11,18.181818181818183,27.27272727272727,36.36363636363637,45.45454545454545
bicycle,2010_002211.jpg,2009_004914.jpg,10,0.0,30.0,30.0,60.0
bicycle,2010_002326.jpg,2009_003519.jpg,11,9.090909090909092,18.181818181818183,27.27272727272727,36.36363636363637
bicycle,2010_002475.jpg,2010_000342.jpg,11,27.27272727272727,36.36363636363637,54.54545454545454,81.81818181818183
bicycle,2010_002814.jpg,2010_005909.jpg,11,45.45454545454545,54.54545454545454,54.54545454545454,54.54545454545454
bicycle,2010_003062.jpg,2011_002713.jpg,11,45.45454545454545,45.45454545454545,45.45454545454545,45.45454545454545
bicycle,2010_003251.jpg,2009_004444.jpg,11,54.54545454545454,72.72727272727273,72.72727272727273,81.81818181818183
bicycle,2010_003350.jpg,2011_002006.jpg,10,0.0,10.0,30.0,50.0
bicycle,2010_003379.jpg,2007_000584.jpg,11,18.181818181818183,45.45454545454545,54.54545454545454,81.81818181818183
bicycle,2010_003811.jpg,2010_004537.jpg,11,36.36363636363637,54.54545454545454,54.54545454545454,54.54545454545454
bicycle,2010_003828.jpg,2009_004121.jpg,11,18.181818181818183,27.27272727272727,36.36363636363637,72.72727272727273
bicycle,2010_003912.jpg,2008_007265.jpg,11,18.181818181818183,45.45454545454545,45.45454545454545,63.63636363636363
bicycle,2010_004182.jpg,2009_000985.jpg,11,54.54545454545454,54.54545454545454,54.54545454545454,54.54545454545454
bicycle,2010_004537.jpg,2009_002087.jpg,11,45.45454545454545,54.54545454545454,54.54545454545454,54.54545454545454
bicycle,2010_004609.jpg,2010_001592.jpg,11,36.36363636363637,63.63636363636363,63.63636363636363,63.63636363636363
bicycle,2010_004831.jpg,2009_003469.jpg,11,18.181818181818183,27.27272727272727,63.63636363636363,81.81818181818183
bicycle,2010_004894.jpg,2010_006031.jpg,11,45.45454545454545,45.45454545454545,54.54545454545454,72.72727272727273
bicycle,2010_005093.jpg,2009_002928.jpg,11,72.72727272727273,81.81818181818183,81.81818181818183,90.9090909090909
bicycle,2010_005116.jpg,2009_001456.jpg,11,54.54545454545454,63.63636363636363,72.72727272727273,72.72727272727273
bicycle,2010_005211.jpg,2010_006070.jpg,11,81.81818181818183,90.9090909090909,90.9090909090909,90.9090909090909
bicycle,2010_005556.jpg,2009_002194.jpg,11,54.54545454545454,72.72727272727273,72.72727272727273,72.72727272727273
bicycle,2010_005664.jpg,2009_003469.jpg,11,18.181818181818183,18.181818181818183,36.36363636363637,45.45454545454545
bicycle,2010_005782.jpg,2008_005147.jpg,11,45.45454545454545,54.54545454545454,54.54545454545454,54.54545454545454
bicycle,2010_005909.jpg,2010_002814.jpg,11,36.36363636363637,45.45454545454545,63.63636363636363,63.63636363636363
bicycle,2010_006031.jpg,2009_000445.jpg,11,72.72727272727273,72.72727272727273,72.72727272727273,72.72727272727273
bicycle,2010_006070.jpg,2010_005211.jpg,11,63.63636363636363,81.81818181818183,81.81818181818183,90.9090909090909
bicycle,2011_000412.jpg,2011_003169.jpg,11,36.36363636363637,45.45454545454545,72.72727272727273,81.81818181818183
bicycle,2011_000453.jpg,2009_004797.jpg,11,36.36363636363637,45.45454545454545,54.54545454545454,54.54545454545454
bicycle,2011_000950.jpg,2009_004444.jpg,11,45.45454545454545,54.54545454545454,54.54545454545454,63.63636363636363
bicycle,2011_001138.jpg,2009_004561.jpg,11,72.72727272727273,72.72727272727273,81.81818181818183,81.81818181818183
bicycle,2011_001213.jpg,2008_007019.jpg,11,18.181818181818183,18.181818181818183,36.36363636363637,45.45454545454545
bicycle,2011_001643.jpg,2009_004561.jpg,11,45.45454545454545,54.54545454545454,54.54545454545454,54.54545454545454
bicycle,2011_002006.jpg,2010_003350.jpg,10,20.0,30.0,30.0,50.0
bicycle,2011_002713.jpg,2007_002227.jpg,11,45.45454545454545,54.54545454545454,63.63636363636363,63.63636363636363
bicycle,2011_002742.jpg,2010_003062.jpg,11,54.54545454545454,72.72727272727273,90.9090909090909,90.9090909090909
bicycle,2011_002811.jpg,2010_000342.jpg,11,9.090909090909092,36.36363636363637,45.45454545454545,90.9090909090909
bicycle,2011_003148.jpg,2010_002030.jpg,11,72.72727272727273,81.81818181818183,90.9090909090909,100.0
bicycle,2011_003169.jpg,2009_002928.jpg,11,36.36363636363637,54.54545454545454,63.63636363636363,63.63636363636363
bird,2008_001194.jpg,2008_008022.jpg,9,44.44444444444444,66.66666666666666,77.77777777777779,88.88888888888889
bird,2008_002429.jpg,2008_008022.jpg,9,33.33333333333333,66.66666666666666,77.77777777777779,88.88888888888889
bird,2008_003023.jpg,2008_003211.jpg,9,22.22222222222222,33.33333333333333,44.44444444444444,44.44444444444444
bird,2008_003211.jpg,2008_003023.jpg,9,55.55555555555556,66.66666666666666,88.88888888888889,100.0
bird,2008_003222.jpg,2008_008166.jpg,8,50.0,50.0,50.0,75.0
bird,2008_003382.jpg,2009_005191.jpg,5,40.0,40.0,40.0,60.0
bird,2008_003524.jpg,2009_005262.jpg,8,50.0,62.5,87.5,87.5
bird,2008_003894.jpg,2009_002056.jpg,9,22.22222222222222,33.33333333333333,33.33333333333333,55.55555555555556
bird,2008_004024.jpg,2008_008022.jpg,9,66.66666666666666,77.77777777777779,100.0,100.0
bird,2008_004296.jpg,2009_002056.jpg,9,55.55555555555556,66.66666666666666,77.77777777777779,77.77777777777779
bird,2008_004620.jpg,2009_003273.jpg,6,16.666666666666664,16.666666666666664,33.33333333333333,33.33333333333333
bird,2008_005233.jpg,2011_003163.jpg,7,42.857142857142854,42.857142857142854,42.857142857142854,57.14285714285714
bird,2008_005303.jpg,2009_001683.jpg,9,100.0,100.0,100.0,100.0
bird,2008_005531.jpg,2009_002056.jpg,9,66.66666666666666,66.66666666666666,66.66666666666666,100.0
bird,2008_006447.jpg,2008_007709.jpg,9,55.55555555555556,66.66666666666666,77.77777777777779,77.77777777777779
bird,2008_006882.jpg,2008_008523.jpg,6,50.0,50.0,83.33333333333334,83.33333333333334
bird,2008_007465.jpg,2008_008274.jpg,9,55.55555555555556,55.55555555555556,55.55555555555556,66.66666666666666
bird,2008_007501.jpg,2009_005262.jpg,8,62.5,62.5,75.0,75.0
bird,2008_007656.jpg,2009_003109.jpg,9,77.77777777777779,88.88888888888889,88.88888888888889,100.0
bird,2008_007709.jpg,2010_004559.jpg,9,33.33333333333333,55.55555555555556,55.55555555555556,55.55555555555556
bird,2008_008022.jpg,2008_004024.jpg,9,55.55555555555556,77.77777777777779,88.88888888888889,88.88888888888889
bird,2008_008134.jpg,2008_008194.jpg,9,33.33333333333333,55.55555555555556,66.66666666666666,77.77777777777779
bird,2008_008166.jpg,2008_003222.jpg,8,50.0,50.0,50.0,62.5
bird,2008_008194.jpg,2009_003109.jpg,9,11.11111111111111,55.55555555555556,55.55555555555556,77.77777777777779
bird,2008_008274.jpg,2008_007465.jpg,9,22.22222222222222,44.44444444444444,66.66666666666666,88.88888888888889
bird,2008_008523.jpg,2008_006882.jpg,6,50.0,66.66666666666666,66.66666666666666,66.66666666666666
bird,2009_000370.jpg,2010_004252.jpg,9,55.55555555555556,55.55555555555556,66.66666666666666,88.88888888888889
bird,2009_000932.jpg,2008_004620.jpg,6,33.33333333333333,33.33333333333333,33.33333333333333,33.33333333333333
bird,2009_001683.jpg,2008_005303.jpg,9,88.88888888888889,88.88888888888889,88.88888888888889,100.0
bird,2009_002056.jpg,2008_003894.jpg,9,11.11111111111111,11.11111111111111,22.22222222222222,55.55555555555556
bird,2009_002262.jpg,2010_000075.jpg,5,80.0,80.0,100.0,100.0
bird,2009_002608.jpg,2008_007709.jpg,9,55.55555555555556,66.66666666666666,77.77777777777779,77.77777777777779
bird,2009_002685.jpg,2008_007465.jpg,9,33.33333333333333,44.44444444444444,66.66666666666666,88.88888888888889
bird,2009_003109.jpg,2010_006084.jpg,9,55.55555555555556,77.77777777777779,88.88888888888889,88.88888888888889
bird,2009_003273.jpg,2008_004620.jpg,6,16.666666666666664,16.666666666666664,66.66666666666666,83.33333333333334
bird,2009_005131.jpg,2011_001084.jpg,8,37.5,75.0,75.0,75.0
bird,2009_005191.jpg,2008_003382.jpg,5,60.0,60.0,60.0,80.0
bird,2009_005262.jpg,2008_003524.jpg,8,37.5,62.5,62.5,75.0
bird,2010_000075.jpg,2009_002262.jpg,5,40.0,80.0,100.0,100.0
bird,2010_001069.jpg,2010_003743.jpg,8,75.0,75.0,87.5,87.5
bird,2010_003743.jpg,2010_001069.jpg,8,62.5,87.5,87.5,87.5
bird,2010_004252.jpg,2009_000370.jpg,9,66.66666666666666,66.66666666666666,77.77777777777779,77.77777777777779
bird,2010_004559.jpg,2008_007709.jpg,9,22.22222222222222,44.44444444444444,44.44444444444444,55.55555555555556
bird,2010_005498.jpg,2011_002055.jpg,5,60.0,60.0,80.0,80.0
bird,2010_006084.jpg,2009_003109.jpg,9,66.66666666666666,66.66666666666666,66.66666666666666,77.77777777777779
bird,2011_001084.jpg,2009_005131.jpg,8,50.0,75.0,75.0,87.5
bird,2011_001229.jpg,2008_003222.jpg,8,75.0,75.0,87.5,100.0
bird,2011_002055.jpg,2010_005498.jpg,5,60.0,80.0,100.0,100.0
bird,2011_002674.jpg,2008_004024.jpg,9,33.33333333333333,44.44444444444444,55.55555555555556,66.66666666666666
bird,2011_003163.jpg,2008_005233.jpg,7,28.57142857142857,28.57142857142857,28.57142857142857,42.857142857142854
boat,2008_000120.jpg,2008_004124.jpg,6,16.666666666666664,33.33333333333333,50.0,50.0
boat,2008_001260.jpg,2009_002897.jpg,6,66.66666666666666,83.33333333333334,83.33333333333334,83.33333333333334
boat,2008_002625.jpg,2008_006229.jpg,6,33.33333333333333,100.0,100.0,100.0
boat,2008_002850.jpg,2008_003701.jpg,6,33.33333333333333,50.0,66.66666666666666,83.33333333333334
boat,2008_003701.jpg,2008_002850.jpg,6,66.66666666666666,100.0,100.0,100.0
boat,2008_003858.jpg,2010_002216.jpg,4,50.0,50.0,75.0,100.0
boat,2008_004124.jpg,2008_000120.jpg,6,16.666666666666664,33.33333333333333,50.0,66.66666666666666
boat,2008_004242.jpg,2010_003117.jpg,6,0.0,0.0,0.0,16.666666666666664
boat,2008_005502.jpg,2010_002216.jpg,4,50.0,50.0,50.0,50.0
boat,2008_005541.jpg,2010_000382.jpg,6,0.0,0.0,33.33333333333333,50.0
boat,2008_006229.jpg,2008_001260.jpg,6,33.33333333333333,33.33333333333333,33.33333333333333,50.0
boat,2008_006404.jpg,2009_000830.jpg,9,22.22222222222222,33.33333333333333,55.55555555555556,77.77777777777779
boat,2008_006831.jpg,2008_007599.jpg,6,16.666666666666664,33.33333333333333,33.33333333333333,33.33333333333333
boat,2008_007441.jpg,2009_004078.jpg,6,50.0,66.66666666666666,66.66666666666666,66.66666666666666
boat,2008_007599.jpg,2008_001260.jpg,6,66.66666666666666,66.66666666666666,83.33333333333334,100.0
boat,2009_000723.jpg,2008_001260.jpg,6,16.666666666666664,33.33333333333333,33.33333333333333,33.33333333333333
boat,2009_000830.jpg,2008_006404.jpg,9,55.55555555555556,88.88888888888889,88.88888888888889,100.0
boat,2009_002173.jpg,2008_002850.jpg,6,33.33333333333333,33.33333333333333,50.0,66.66666666666666
boat,2009_002830.jpg,2011_001771.jpg,6,83.33333333333334,100.0,100.0,100.0
boat,2009_002897.jpg,2008_001260.jpg,6,50.0,50.0,50.0,66.66666666666666
boat,2009_004078.jpg,2008_007441.jpg,6,33.33333333333333,50.0,66.66666666666666,66.66666666666666
boat,2010_000382.jpg,2008_003701.jpg,6,0.0,0.0,33.33333333333333,50.0
boat,2010_002216.jpg,2008_003858.jpg,4,50.0,75.0,75.0,75.0
boat,2010_003107.jpg,2008_003858.jpg,4,0.0,0.0,25.0,50.0
boat,2010_003117.jpg,2008_002850.jpg,6,16.666666666666664,33.33333333333333,33.33333333333333,50.0
boat,2010_004006.jpg,2009_000723.jpg,6,16.666666666666664,33.33333333333333,33.33333333333333,50.0
boat,2010_004772.jpg,2009_002173.jpg,6,33.33333333333333,66.66666666666666,83.33333333333334,83.33333333333334
boat,2011_001771.jpg,2009_002830.jpg,6,50.0,50.0,50.0,66.66666666666666
bottle,2007_004468.jpg,2010_005952.jpg,8,37.5,62.5,62.5,75.0
bottle,2008_002372.jpg,2009_003562.jpg,4,50.0,50.0,75.0,75.0
bottle,2008_004659.jpg,2008_008700.jpg,8,50.0,50.0,62.5,62.5
bottle,2008_006072.jpg,2008_006792.jpg,6,50.0,66.66666666666666,66.66666666666666,66.66666666666666
bottle,2008_006104.jpg,2010_005952.jpg,8,62.5,62.5,87.5,87.5
bottle,2008_006558.jpg,2008_007076.jpg,8,50.0,62.5,62.5,75.0
bottle,2008_006792.jpg,2008_006072.jpg,6,33.33333333333333,50.0,66.66666666666666,83.33333333333334
bottle,2008_007076.jpg,2008_006558.jpg,8,37.5,37.5,62.5,75.0
bottle,2008_007142.jpg,2010_005952.jpg,8,62.5,100.0,100.0,100.0
bottle,2008_007811.jpg,2010_005952.jpg,8,25.0,37.5,75.0,75.0
bottle,2008_007858.jpg,2009_001593.jpg,8,50.0,62.5,75.0,75.0
bottle,2008_008700.jpg,2010_004680.jpg,8,50.0,50.0,62.5,100.0
bottle,2009_000130.jpg,2009_003958.jpg,8,75.0,75.0,75.0,75.0
bottle,2009_000797.jpg,2010_001698.jpg,6,0.0,16.666666666666664,33.33333333333333,33.33333333333333
bottle,2009_001593.jpg,2008_007858.jpg,8,75.0,75.0,87.5,87.5
bottle,2009_001640.jpg,2009_002649.jpg,8,62.5,62.5,75.0,75.0
bottle,2009_001818.jpg,2009_002980.jpg,8,87.5,87.5,87.5,100.0
bottle,2009_002475.jpg,2009_003517.jpg,8,37.5,75.0,75.0,75.0
bottle,2009_002649.jpg,2009_001640.jpg,8,75.0,87.5,87.5,87.5
bottle,2009_002980.jpg,2009_001818.jpg,8,75.0,87.5,100.0,100.0
bottle,2009_003003.jpg,2010_004680.jpg,8,50.0,87.5,87.5,87.5
bottle,2009_003517.jpg,2008_004659.jpg,8,37.5,62.5,62.5,62.5
bottle,2009_003562.jpg,2008_002372.jpg,4,25.0,25.0,75.0,75.0
bottle,2009_003818.jpg,2010_002941.jpg,4,50.0,75.0,75.0,100.0
bottle,2009_003958.jpg,2009_000130.jpg,8,87.5,100.0,100.0,100.0
bottle,2009_004856.jpg,2011_002131.jpg,6,0.0,16.666666666666664,16.666666666666664,33.33333333333333
bottle,2009_005150.jpg,2010_001013.jpg,8,87.5,100.0,100.0,100.0
bottle,2010_000213.jpg,2011_002131.jpg,6,16.666666666666664,16.666666666666664,50.0,50.0
bottle,2010_001013.jpg,2010_004680.jpg,8,37.5,50.0,62.5,62.5
bottle,2010_001698.jpg,2011_002131.jpg,6,33.33333333333333,33.33333333333333,50.0,66.66666666666666
bottle,2010_002941.jpg,2009_003818.jpg,4,50.0,50.0,75.0,75.0
bottle,2010_003329.jpg,2010_002941.jpg,4,50.0,75.0,75.0,75.0
bottle,2010_003779.jpg,2008_007858.jpg,8,75.0,87.5,87.5,100.0
bottle,2010_004488.jpg,2010_004529.jpg,8,50.0,62.5,75.0,100.0
bottle,2010_004520.jpg,2007_004468.jpg,8,62.5,75.0,75.0,75.0
bottle,2010_004529.jpg,2010_004488.jpg,8,25.0,62.5,75.0,75.0
bottle,2010_004551.jpg,2010_004680.jpg,8,62.5,87.5,100.0,100.0
bottle,2010_004680.jpg,2010_001013.jpg,8,75.0,75.0,87.5,87.5
bottle,2010_005663.jpg,2008_007811.jpg,8,12.5,25.0,50.0,62.5
bottle,2010_005952.jpg,2007_004468.jpg,8,50.0,75.0,87.5,87.5
bottle,2010_005954.jpg,2009_002649.jpg,8,50.0,87.5,87.5,87.5
bottle,2011_002131.jpg,2010_000213.jpg,6,0.0,0.0,33.33333333333333,50.0
bus,2007_000663.jpg,2008_008252.jpg,4,25.0,50.0,50.0,50.0
bus,2007_003503.jpg,2011_001479.jpg,6,33.33333333333333,50.0,50.0,83.33333333333334
bus,2007_003711.jpg,2009_001237.jpg,6,83.33333333333334,83.33333333333334,83.33333333333334,83.33333333333334
bus,2007_003715.jpg,2010_002758.jpg,6,66.66666666666666,66.66666666666666,100.0,100.0
bus,2007_004065.jpg,2007_005911.jpg,3,0.0,33.33333333333333,33.33333333333333,33.33333333333333
bus,2007_005911.jpg,2007_004065.jpg,3,0.0,33.33333333333333,100.0,100.0
bus,2007_007480.jpg,2007_007591.jpg,5,20.0,80.0,80.0,100.0
bus,2007_007591.jpg,2007_007480.jpg,5,40.0,60.0,60.0,60.0
bus,2007_008747.jpg,2011_000239.jpg,6,50.0,66.66666666666666,66.66666666666666,66.66666666666666
bus,2008_001022.jpg,2010_000573.jpg,6,66.66666666666666,83.33333333333334,83.33333333333334,83.33333333333334
bus,2008_002205.jpg,2007_004065.jpg,4,25.0,75.0,75.0,75.0
bus,2008_003266.jpg,2011_000267.jpg,6,33.33333333333333,33.33333333333333,50.0,50.0
bus,2008_003302.jpg,2008_008066.jpg,6,50.0,66.66666666666666,100.0,100.0
bus,2008_003691.jpg,2009_005060.jpg,6,83.33333333333334,83.33333333333334,83.33333333333334,83.33333333333334
bus,2008_004088.jpg,2007_000663.jpg,4,50.0,75.0,75.0,75.0
bus,2008_004613.jpg,2010_001206.jpg,6,83.33333333333334,83.33333333333334,100.0,100.0
bus,2008_005984.jpg,2010_005118.jpg,6,83.33333333333334,100.0,100.0,100.0
bus,2008_007356.jpg,2009_000990.jpg,6,66.66666666666666,66.66666666666666,66.66666666666666,83.33333333333334
bus,2008_007375.jpg,2010_001650.jpg,6,83.33333333333334,83.33333333333334,83.33333333333334,100.0
bus,2008_007488.jpg,2009_002436.jpg,6,50.0,50.0,83.33333333333334,83.33333333333334
bus,2008_007515.jpg,2011_003114.jpg,4,75.0,100.0,100.0,100.0
bus,2008_007641.jpg,2011_003114.jpg,4,100.0,100.0,100.0,100.0
bus,2008_008066.jpg,2009_000006.jpg,6,66.66666666666666,66.66666666666666,66.66666666666666,83.33333333333334
bus,2008_008113.jpg,2011_000901.jpg,6,33.33333333333333,50.0,66.66666666666666,66.66666666666666
bus,2008_008120.jpg,2010_003040.jpg,6,66.66666666666666,66.66666666666666,66.66666666666666,66.66666666666666
bus,2008_008252.jpg,2007_000663.jpg,4,75.0,100.0,100.0,100.0
bus,2008_008748.jpg,2010_002102.jpg,6,66.66666666666666,66.66666666666666,66.66666666666666,100.0
bus,2009_000006.jpg,2008_008066.jpg,6,66.66666666666666,66.66666666666666,83.33333333333334,83.33333333333334
bus,2009_000027.jpg,2010_003562.jpg,6,83.33333333333334,83.33333333333334,83.33333333333334,83.33333333333334
bus,2009_000060.jpg,2010_005284.jpg,6,83.33333333333334,83.33333333333334,83.33333333333334,83.33333333333334
bus,2009_000089.jpg,2009_003916.jpg,6,100.0,100.0,100.0,100.0
bus,2009_000104.jpg,2009_002517.jpg,7,0.0,14.285714285714285,14.285714285714285,28.57142857142857
bus,2009_000140.jpg,2009_001822.jpg,8,50.0,50.0,75.0,75.0
bus,2009_000199.jpg,2009_001159.jpg,6,66.66666666666666,66.66666666666666,83.33333333333334,83.33333333333334
bus,2009_000408.jpg,2010_001808.jpg,6,66.66666666666666,66.66666666666666,66.66666666666666,66.66666666666666
bus,2009_000945.jpg,2011_001536.jpg,6,33.33333333333333,33.33333333333333,33.33333333333333,33.33333333333333
bus,2009_000990.jpg,2008_007375.jpg,6,66.66666666666666,83.33333333333334,83.33333333333334,83.33333333333334
bus,2009_001044.jpg,2010_003562.jpg,6,66.66666666666666,66.66666666666666,66.66666666666666,66.66666666666666
bus,2009_001159.jpg,2009_000199.jpg,6,66.66666666666666,66.66666666666666,66.66666666666666,83.33333333333334
bus,2009_001237.jpg,2010_003562.jpg,6,50.0,83.33333333333334,83.33333333333334,83.33333333333334
bus,2009_001354.jpg,2009_004055.jpg,4,50.0,50.0,50.0,50.0
bus,2009_001366.jpg,2009_004258.jpg,6,50.0,50.0,50.0,50.0
bus,2009_001674.jpg,2009_000140.jpg,8,12.5,37.5,50.0,50.0
bus,2009_001675.jpg,2010_005457.jpg,6,33.33333333333333,50.0,50.0,50.0
bus,2009_001816.jpg,2009_000089.jpg,6,66.66666666666666,83.33333333333334,83.33333333333334,83.33333333333334
bus,2009_001822.jpg,2009_000140.jpg,8,37.5,62.5,75.0,87.5
bus,2009_001847.jpg,2011_001341.jpg,6,50.0,50.0,66.66666666666666,83.33333333333334
bus,2009_001910.jpg,2009_003383.jpg,6,83.33333333333334,83.33333333333334,83.33333333333334,83.33333333333334
bus,2009_001967.jpg,2011_000258.jpg,6,50.0,66.66666666666666,66.66666666666666,66.66666666666666
bus,2009_002066.jpg,2009_004962.jpg,6,33.33333333333333,33.33333333333333,66.66666666666666,66.66666666666666
bus,2009_002126.jpg,2008_007375.jpg,6,50.0,66.66666666666666,83.33333333333334,83.33333333333334
bus,2009_002128.jpg,2011_003089.jpg,5,60.0,60.0,60.0,60.0
bus,2009_002152.jpg,2009_001967.jpg,6,66.66666666666666,66.66666666666666,66.66666666666666,66.66666666666666
bus,2009_002436.jpg,2009_001967.jpg,6,66.66666666666666,83.33333333333334,83.33333333333334,83.33333333333334
bus,2009_002457.jpg,2011_002629.jpg,6,50.0,66.66666666666666,66.66666666666666,66.66666666666666
bus,2009_002517.jpg,2009_000104.jpg,7,0.0,42.857142857142854,42.857142857142854,42.857142857142854
bus,2009_002532.jpg,2011_000048.jpg,6,50.0,66.66666666666666,66.66666666666666,66.66666666666666
bus,2009_002535.jpg,2010_002102.jpg,6,83.33333333333334,83.33333333333334,83.33333333333334,83.33333333333334
bus,2009_002621.jpg,2011_001964.jpg,6,66.66666666666666,66.66666666666666,83.33333333333334,83.33333333333334
bus,2009_002843.jpg,2011_001479.jpg,6,33.33333333333333,50.0,50.0,50.0
bus,2009_003018.jpg,2009_003304.jpg,6,83.33333333333334,83.33333333333334,83.33333333333334,83.33333333333334
bus,2009_003304.jpg,2009_003018.jpg,6,50.0,50.0,50.0,50.0
bus,2009_003383.jpg,2011_000048.jpg,6,83.33333333333334,100.0,100.0,100.0
bus,2009_003422.jpg,2011_001270.jpg,6,50.0,66.66666666666666,83.33333333333334,83.33333333333334
bus,2009_003447.jpg,2011_001964.jpg,6,16.666666666666664,50.0,50.0,50.0
bus,2009_003461.jpg,2011_001255.jpg,6,50.0,66.66666666666666,66.66666666666666,66.66666666666666
bus,2009_003555.jpg,2010_002203.jpg,6,66.66666666666666,66.66666666666666,66.66666666666666,83.33333333333334
bus,2009_003592.jpg,2009_001159.jpg,6,16.666666666666664,33.33333333333333,33.33333333333333,50.0
bus,2009_003614.jpg,2009_000945.jpg,6,33.33333333333333,33.33333333333333,33.33333333333333,66.66666666666666
bus,2009_003636.jpg,2011_000767.jpg,6,0.0,33.33333333333333,33.33333333333333,83.33333333333334
bus,2009_003710.jpg,2011_002687.jpg,6,66.66666666666666,83.33333333333334,83.33333333333334,83.33333333333334
bus,2009_003781.jpg,2009_002532.jpg,6,50.0,50.0,66.66666666666666,83.33333333333334
bus,2009_003916.jpg,2009_000089.jpg,6,100.0,100.0,100.0,100.0
bus,2009_004052.jpg,2009_000089.jpg,6,100.0,100.0,100.0,100.0
bus,2009_004055.jpg,2009_001354.jpg,4,75.0,75.0,100.0,100.0
bus,2009_004258.jpg,2009_001366.jpg,6,83.33333333333334,83.33333333333334,83.33333333333334,83.33333333333334
bus,2009_004290.jpg,2010_004903.jpg,4,100.0,100.0,100.0,100.0
bus,2009_004295.jpg,2009_004670.jpg,6,66.66666666666666,66.66666666666666,66.66666666666666,83.33333333333334
bus,2009_004374.jpg,2011_001015.jpg,4,25.0,25.0,50.0,50.0
bus,2009_004670.jpg,2009_004295.jpg,6,16.666666666666664,50.0,66.66666666666666,66.66666666666666
bus,2009_004836.jpg,2009_004295.jpg,6,66.66666666666666,66.66666666666666,83.33333333333334,83.33333333333334
bus,2009_004867.jpg,2010_003040.jpg,6,83.33333333333334,83.33333333333334,83.33333333333334,83.33333333333334
bus,2009_004871.jpg,2010_000376.jpg,6,33.33333333333333,50.0,50.0,50.0
bus,2009_004962.jpg,2009_000945.jpg,6,50.0,50.0,50.0,50.0
bus,2009_005060.jpg,2008_003691.jpg,6,50.0,66.66666666666666,66.66666666666666,66.66666666666666
bus,2010_000069.jpg,2009_003018.jpg,6,83.33333333333334,83.33333333333334,83.33333333333334,100.0
bus,2010_000376.jpg,2009_004871.jpg,6,50.0,50.0,50.0,66.66666666666666
bus,2010_000524.jpg,2010_003293.jpg,8,50.0,87.5,87.5,87.5
bus,2010_000573.jpg,2008_001022.jpg,6,83.33333333333334,100.0,100.0,100.0
bus,2010_000603.jpg,2010_003293.jpg,8,50.0,50.0,62.5,75.0
bus,2010_000682.jpg,2009_002517.jpg,7,14.285714285714285,14.285714285714285,28.57142857142857,57.14285714285714
bus,2010_001206.jpg,2009_000199.jpg,6,83.33333333333334,83.33333333333334,83.33333333333334,83.33333333333334
bus,2010_001650.jpg,2008_007375.jpg,6,50.0,50.0,50.0,66.66666666666666
bus,2010_001808.jpg,2010_005277.jpg,6,100.0,100.0,100.0,100.0
bus,2010_002102.jpg,2008_008748.jpg,6,66.66666666666666,83.33333333333334,83.33333333333334,83.33333333333334
bus,2010_002203.jpg,2009_000006.jpg,6,100.0,100.0,100.0,100.0
bus,2010_002263.jpg,2009_003614.jpg,6,33.33333333333333,33.33333333333333,33.33333333333333,50.0
bus,2010_002438.jpg,2011_001964.jpg,6,83.33333333333334,83.33333333333334,83.33333333333334,83.33333333333334
bus,2010_002758.jpg,2009_000027.jpg,6,66.66666666666666,66.66666666666666,66.66666666666666,66.66666666666666
bus,2010_002978.jpg,2008_008748.jpg,6,66.66666666666666,66.66666666666666,66.66666666666666,66.66666666666666
bus,2010_003040.jpg,2008_008120.jpg,6,66.66666666666666,66.66666666666666,83.33333333333334,83.33333333333334
bus,2010_003057.jpg,2008_008252.jpg,4,75.0,75.0,75.0,75.0
bus,2010_003173.jpg,2011_000901.jpg,6,16.666666666666664,16.666666666666664,33.33333333333333,50.0
bus,2010_003293.jpg,2010_000524.jpg,8,50.0,50.0,50.0,62.5
bus,2010_003562.jpg,2009_001044.jpg,6,50.0,83.33333333333334,83.33333333333334,83.33333333333334
bus,2010_003855.jpg,2009_001910.jpg,6,50.0,66.66666666666666,83.33333333333334,83.33333333333334
bus,2010_003936.jpg,2009_000990.jpg,6,33.33333333333333,33.33333333333333,50.0,66.66666666666666
bus,2010_004625.jpg,2009_003383.jpg,6,83.33333333333334,83.33333333333334,83.33333333333334,83.33333333333334
bus,2010_004903.jpg,2009_004290.jpg,4,100.0,100.0,100.0,100.0
bus,2010_004997.jpg,2009_001816.jpg,6,83.33333333333334,83.33333333333334,83.33333333333334,83.33333333333334
bus,2010_005118.jpg,2008_008120.jpg,6,83.33333333333334,100.0,100.0,100.0
bus,2010_005277.jpg,2011_000090.jpg,6,83.33333333333334,83.33333333333334,83.33333333333334,83.33333333333334
bus,2010_005284.jpg,2009_005060.jpg,6,66.66666666666666,66.66666666666666,66.66666666666666,83.33333333333334
bus,2010_005457.jpg,2009_001675.jpg,6,50.0,50.0,66.66666666666666,100.0
bus,2010_005636.jpg,2011_002629.jpg,6,50.0,50.0,50.0,50.0
bus,2011_000048.jpg,2009_002532.jpg,6,66.66666666666666,66.66666666666666,66.66666666666666,83.33333333333334
bus,2011_000090.jpg,2010_005277.jpg,6,83.33333333333334,83.33333333333334,83.33333333333334,83.33333333333334
bus,2011_000239.jpg,2009_003383.jpg,6,33.33333333333333,33.33333333333333,50.0,50.0
bus,2011_000258.jpg,2009_001967.jpg,6,66.66666666666666,66.66666666666666,66.66666666666666,66.66666666666666
bus,2011_000267.jpg,2009_000089.jpg,6,50.0,66.66666666666666,66.66666666666666,83.33333333333334
bus,2011_000767.jpg,2010_003936.jpg,6,0.0,16.666666666666664,33.33333333333333,50.0
bus,2011_000804.jpg,2008_008252.jpg,4,50.0,50.0,75.0,75.0
bus,2011_000888.jpg,2011_001105.jpg,6,50.0,66.66666666666666,66.66666666666666,66.66666666666666
bus,2011_000901.jpg,2010_003173.jpg,6,50.0,66.66666666666666,66.66666666666666,66.66666666666666
bus,2011_001015.jpg,2009_004374.jpg,4,75.0,75.0,75.0,75.0
bus,2011_001105.jpg,2011_000888.jpg,6,100.0,100.0,100.0,100.0
bus,2011_001255.jpg,2010_000376.jpg,6,66.66666666666666,83.33333333333334,83.33333333333334,83.33333333333334
bus,2011_001270.jpg,2010_000573.jpg,6,83.33333333333334,83.33333333333334,83.33333333333334,100.0
bus,2011_001341.jpg,2009_001847.jpg,6,0.0,0.0,0.0,16.666666666666664
bus,2011_001411.jpg,2009_004055.jpg,4,25.0,50.0,50.0,50.0
bus,2011_001479.jpg,2007_003503.jpg,6,33.33333333333333,50.0,50.0,66.66666666666666
bus,2011_001519.jpg,2008_008748.jpg,6,66.66666666666666,83.33333333333334,83.33333333333334,83.33333333333334
bus,2011_001536.jpg,2009_000945.jpg,6,50.0,50.0,50.0,50.0
bus,2011_001870.jpg,2009_004290.jpg,4,25.0,25.0,25.0,25.0
bus,2011_001964.jpg,2010_002438.jpg,6,66.66666666666666,66.66666666666666,66.66666666666666,66.66666666666666
bus,2011_002629.jpg,2009_002457.jpg,6,33.33333333333333,33.33333333333333,33.33333333333333,33.33333333333333
bus,2011_002687.jpg,2008_007375.jpg,6,83.33333333333334,83.33333333333334,83.33333333333334,83.33333333333334
bus,2011_003089.jpg,2009_002128.jpg,5,20.0,20.0,20.0,20.0
bus,2011_003109.jpg,2008_004088.jpg,4,75.0,75.0,75.0,75.0
bus,2011_003114.jpg,2007_000663.jpg,4,75.0,75.0,75.0,100.0
car,2007_003143.jpg,2008_000399.jpg,8,62.5,62.5,75.0,75.0
car,2007_007948.jpg,2008_007214.jpg,9,77.77777777777779,77.77777777777779,77.77777777777779,77.77777777777779
car,2008_000109.jpg,2009_005104.jpg,10,60.0,70.0,80.0,80.0
car,2008_000399.jpg,2008_002705.jpg,8,0.0,0.0,0.0,12.5
car,2008_001446.jpg,2010_003024.jpg,6,16.666666666666664,16.666666666666664,16.666666666666664,50.0
car,2008_002473.jpg,2008_002704.jpg,8,75.0,75.0,87.5,87.5
car,2008_002704.jpg,2008_002473.jpg,8,87.5,87.5,87.5,87.5
car,2008_002705.jpg,2008_000399.jpg,8,50.0,50.0,75.0,87.5
car,2008_002741.jpg,2009_003360.jpg,8,62.5,87.5,87.5,87.5
car,2008_002890.jpg,2008_003300.jpg,4,50.0,50.0,50.0,50.0
car,2008_003300.jpg,2008_002890.jpg,4,50.0,50.0,50.0,50.0
car,2008_003415.jpg,2008_006819.jpg,6,33.33333333333333,50.0,50.0,50.0
car,2008_003888.jpg,2011_000086.jpg,9,55.55555555555556,55.55555555555556,66.66666666666666,66.66666666666666
car,2008_005349.jpg,2008_005593.jpg,9,11.11111111111111,22.22222222222222,44.44444444444444,55.55555555555556
car,2008_005593.jpg,2011_002410.jpg,9,66.66666666666666,66.66666666666666,77.77777777777779,77.77777777777779
car,2008_005875.jpg,2010_003561.jpg,11,54.54545454545454,54.54545454545454,63.63636363636363,81.81818181818183
car,2008_006188.jpg,2009_001591.jpg,9,44.44444444444444,66.66666666666666,66.66666666666666,66.66666666666666
car,2008_006382.jpg,2008_007529.jpg,7,14.285714285714285,28.57142857142857,28.57142857142857,42.857142857142854
car,2008_006694.jpg,2010_005868.jpg,9,33.33333333333333,55.55555555555556,55.55555555555556,66.66666666666666
car,2008_006774.jpg,2007_003143.jpg,8,50.0,50.0,62.5,62.5
car,2008_006819.jpg,2009_004798.jpg,6,16.666666666666664,16.666666666666664,33.33333333333333,50.0
car,2008_006986.jpg,2009_001988.jpg,8,75.0,75.0,87.5,87.5
car,2008_007214.jpg,2007_007948.jpg,9,77.77777777777779,88.88888888888889,88.88888888888889,88.88888888888889
car,2008_007529.jpg,2008_006382.jpg,7,14.285714285714285,28.57142857142857,42.857142857142854,42.857142857142854
car,2008_007895.jpg,2008_003300.jpg,4,50.0,100.0,100.0,100.0
car,2009_000889.jpg,2010_005868.jpg,9,33.33333333333333,55.55555555555556,55.55555555555556,55.55555555555556
car,2009_001591.jpg,2011_002790.jpg,9,55.55555555555556,77.77777777777779,77.77777777777779,77.77777777777779
car,2009_001744.jpg,2009_002299.jpg,9,66.66666666666666,77.77777777777779,77.77777777777779,77.77777777777779
car,2009_001988.jpg,2008_006986.jpg,8,62.5,62.5,62.5,62.5
car,2009_002073.jpg,2011_003055.jpg,8,37.5,50.0,50.0,50.0
car,2009_002117.jpg,2009_002073.jpg,8,37.5,62.5,75.0,87.5
car,2009_002299.jpg,2010_004059.jpg,9,77.77777777777779,77.77777777777779,77.77777777777779,77.77777777777779
car,2009_002632.jpg,2008_001446.jpg,6,50.0,50.0,50.0,50.0
car,2009_002990.jpg,2010_004654.jpg,11,36.36363636363637,36.36363636363637,45.45454545454545,54.54545454545454
car,2009_003031.jpg,2010_000036.jpg,10,40.0,40.0,50.0,70.0
car,2009_003360.jpg,2008_002741.jpg,8,50.0,62.5,62.5,62.5
car,2009_003406.jpg,2009_003360.jpg,8,50.0,50.0,75.0,75.0
car,2009_003500.jpg,2010_005377.jpg,9,22.22222222222222,66.66666666666666,66.66666666666666,66.66666666666666
car,2009_003549.jpg,2011_002234.jpg,7,42.857142857142854,42.857142857142854,57.14285714285714,71.42857142857143
car,2009_003589.jpg,2010_004059.jpg,9,100.0,100.0,100.0,100.0
car,2009_003814.jpg,2010_004059.jpg,9,77.77777777777779,88.88888888888889,88.88888888888889,88.88888888888889
car,2009_003974.jpg,2010_005546.jpg,7,57.14285714285714,85.71428571428571,85.71428571428571,85.71428571428571
car,2009_004327.jpg,2010_005860.jpg,11,45.45454545454545,54.54545454545454,72.72727272727273,72.72727272727273
car,2009_004594.jpg,2010_000908.jpg,8,75.0,75.0,75.0,75.0
car,2009_004798.jpg,2008_006819.jpg,6,16.666666666666664,16.666666666666664,16.666666666666664,33.33333333333333
car,2009_005104.jpg,2010_001638.jpg,10,50.0,60.0,80.0,90.0
car,2010_000036.jpg,2009_003031.jpg,10,60.0,80.0,80.0,80.0
car,2010_000160.jpg,2011_003029.jpg,10,40.0,60.0,70.0,70.0
car,2010_000198.jpg,2011_001004.jpg,10,30.0,30.0,30.0,40.0
car,2010_000908.jpg,2009_004594.jpg,8,62.5,75.0,75.0,75.0
car,2010_000952.jpg,2010_002844.jpg,11,54.54545454545454,63.63636363636363,63.63636363636363,63.63636363636363
car,2010_001080.jpg,2010_003453.jpg,8,50.0,50.0,50.0,62.5
car,2010_001360.jpg,2010_002844.jpg,11,36.36363636363637,36.36363636363637,54.54545454545454,63.63636363636363
car,2010_001638.jpg,2009_005104.jpg,10,20.0,40.0,50.0,50.0
car,2010_002048.jpg,2010_004747.jpg,7,42.857142857142854,57.14285714285714,57.14285714285714,71.42857142857143
car,2010_002132.jpg,2010_005546.jpg,7,28.57142857142857,28.57142857142857,28.57142857142857,42.857142857142854
car,2010_002363.jpg,2009_004594.jpg,8,75.0,75.0,75.0,75.0
car,2010_002844.jpg,2010_000952.jpg,11,63.63636363636363,63.63636363636363,72.72727272727273,81.81818181818183
car,2010_002903.jpg,2010_000036.jpg,10,10.0,20.0,30.0,30.0
car,2010_003024.jpg,2008_001446.jpg,6,0.0,0.0,16.666666666666664,33.33333333333333
car,2010_003139.jpg,2010_004865.jpg,10,70.0,80.0,80.0,80.0
car,2010_003453.jpg,2010_001080.jpg,8,50.0,50.0,50.0,50.0
car,2010_003561.jpg,2008_005875.jpg,11,54.54545454545454,72.72727272727273,72.72727272727273,72.72727272727273
car,2010_004059.jpg,2009_002299.jpg,9,66.66666666666666,66.66666666666666,66.66666666666666,77.77777777777779
car,2010_004291.jpg,2009_001988.jpg,8,37.5,62.5,62.5,62.5
car,2010_004390.jpg,2010_004059.jpg,9,66.66666666666666,66.66666666666666,66.66666666666666,66.66666666666666
car,2010_004654.jpg,2009_002990.jpg,11,45.45454545454545,54.54545454545454,63.63636363636363,81.81818181818183
car,2010_004747.jpg,2010_005546.jpg,7,28.57142857142857,28.57142857142857,28.57142857142857,28.57142857142857
car,2010_004865.jpg,2010_003139.jpg,10,60.0,70.0,80.0,80.0
car,2010_005119.jpg,2011_000086.jpg,9,66.66666666666666,66.66666666666666,77.77777777777779,77.77777777777779
car,2010_005377.jpg,2009_003500.jpg,9,44.44444444444444,44.44444444444444,44.44444444444444,44.44444444444444
car,2010_005546.jpg,2009_003974.jpg,7,57.14285714285714,85.71428571428571,85.71428571428571,85.71428571428571
car,2010_005817.jpg,2010_002132.jpg,7,42.857142857142854,57.14285714285714,71.42857142857143,71.42857142857143
car,2010_005860.jpg,2010_004654.jpg,11,54.54545454545454,54.54545454545454,63.63636363636363,81.81818181818183
car,2010_005868.jpg,2008_006694.jpg,9,88.88888888888889,88.88888888888889,88.88888888888889,88.88888888888889
car,2010_005891.jpg,2011_002410.jpg,9,55.55555555555556,77.77777777777779,77.77777777777779,77.77777777777779
car,2010_006012.jpg,2008_006382.jpg,7,57.14285714285714,85.71428571428571,85.71428571428571,85.71428571428571
car,2011_000086.jpg,2010_005119.jpg,9,66.66666666666666,66.66666666666666,88.88888888888889,88.88888888888889
car,2011_001004.jpg,2010_000198.jpg,10,30.0,30.0,50.0,50.0
car,2011_002234.jpg,2009_003549.jpg,7,57.14285714285714,71.42857142857143,71.42857142857143,85.71428571428571
car,2011_002410.jpg,2008_005593.jpg,9,44.44444444444444,66.66666666666666,66.66666666666666,66.66666666666666
car,2011_002790.jpg,2009_001591.jpg,9,44.44444444444444,55.55555555555556,55.55555555555556,55.55555555555556
car,2011_003029.jpg,2010_000160.jpg,10,10.0,30.0,50.0,60.0
car,2011_003055.jpg,2009_002073.jpg,8,50.0,75.0,75.0,75.0
cat,2007_000549.jpg,2009_004248.jpg,6,16.666666666666664,16.666666666666664,33.33333333333333,66.66666666666666
cat,2007_002445.jpg,2009_000955.jpg,6,33.33333333333333,50.0,66.66666666666666,83.33333333333334
cat,2007_004856.jpg,2010_000001.jpg,13,38.46153846153847,38.46153846153847,46.15384615384615,69.23076923076923
cat,2007_006641.jpg,2008_000724.jpg,7,42.857142857142854,42.857142857142854,42.857142857142854,71.42857142857143
cat,2007_008575.jpg,2010_005386.jpg,6,33.33333333333333,33.33333333333333,83.33333333333334,100.0
cat,2007_009724.jpg,2008_006194.jpg,6,0.0,16.666666666666664,50.0,50.0
cat,2008_000056.jpg,2009_004796.jpg,5,40.0,60.0,60.0,60.0
cat,2008_000401.jpg,2010_001331.jpg,6,33.33333333333333,50.0,50.0,66.66666666666666
cat,2008_000536.jpg,2010_002976.jpg,6,33.33333333333333,50.0,83.33333333333334,83.33333333333334
cat,2008_000581.jpg,2009_001057.jpg,9,33.33333333333333,55.55555555555556,77.77777777777779,77.77777777777779
cat,2008_000724.jpg,2008_000839.jpg,7,57.14285714285714,57.14285714285714,57.14285714285714,71.42857142857143
cat,2008_000839.jpg,2010_001885.jpg,7,42.857142857142854,71.42857142857143,85.71428571428571,85.71428571428571
cat,2008_001335.jpg,2009_004248.jpg,6,50.0,50.0,50.0,66.66666666666666
cat,2008_001741.jpg,2008_004583.jpg,16,6.25,18.75,37.5,56.25
cat,2008_002294.jpg,2008_005309.jpg,6,33.33333333333333,50.0,66.66666666666666,66.66666666666666
cat,2008_002957.jpg,2009_003847.jpg,7,28.57142857142857,57.14285714285714,57.14285714285714,85.71428571428571
cat,2008_003088.jpg,2010_002891.jpg,7,14.285714285714285,14.285714285714285,14.285714285714285,57.14285714285714
cat,2008_003386.jpg,2007_008575.jpg,6,0.0,0.0,0.0,50.0
cat,2008_003974.jpg,2009_004261.jpg,7,42.857142857142854,57.14285714285714,57.14285714285714,57.14285714285714
cat,2008_004347.jpg,2010_001957.jpg,10,20.0,30.0,30.0,60.0
cat,2008_004583.jpg,2008_001741.jpg,16,12.5,25.0,31.25,37.5
cat,2008_005109.jpg,2008_002294.jpg,6,16.666666666666664,16.666666666666664,66.66666666666666,66.66666666666666
cat,2008_005288.jpg,2009_003489.jpg,7,42.857142857142854,42.857142857142854,71.42857142857143,85.71428571428571
cat,2008_005309.jpg,2008_002294.jpg,6,16.666666666666664,33.33333333333333,66.66666666666666,100.0
cat,2008_006099.jpg,2010_004808.jpg,5,80.0,80.0,80.0,80.0
cat,2008_006194.jpg,2009_003222.jpg,6,0.0,16.666666666666664,16.666666666666664,16.666666666666664
cat,2008_006325.jpg,2010_004954.jpg,14,28.57142857142857,42.857142857142854,71.42857142857143,85.71428571428571
cat,2008_006430.jpg,2010_001885.jpg,7,14.285714285714285,28.57142857142857,57.14285714285714,57.14285714285714
cat,2008_006520.jpg,2008_005288.jpg,7,28.57142857142857,28.57142857142857,57.14285714285714,85.71428571428571
cat,2008_006599.jpg,2009_003647.jpg,6,33.33333333333333,66.66666666666666,83.33333333333334,83.33333333333334
cat,2008_006793.jpg,2010_002485.jpg,7,28.57142857142857,28.57142857142857,57.14285714285714,71.42857142857143
cat,2008_007256.jpg,2008_003386.jpg,6,16.666666666666664,33.33333333333333,50.0,100.0
cat,2008_007353.jpg,2010_003773.jpg,6,33.33333333333333,50.0,66.66666666666666,66.66666666666666
cat,2009_000249.jpg,2010_001292.jpg,6,16.666666666666664,50.0,83.33333333333334,100.0
cat,2009_000493.jpg,2009_001522.jpg,7,28.57142857142857,42.857142857142854,42.857142857142854,57.14285714285714
cat,2009_000955.jpg,2008_006194.jpg,6,33.33333333333333,33.33333333333333,33.33333333333333,50.0
cat,2009_000970.jpg,2010_003818.jpg,6,33.33333333333333,66.66666666666666,83.33333333333334,100.0
cat,2009_001057.jpg,2008_000581.jpg,9,22.22222222222222,55.55555555555556,66.66666666666666,66.66666666666666
cat,2009_001484.jpg,2010_001555.jpg,7,28.57142857142857,42.857142857142854,42.857142857142854,57.14285714285714
cat,2009_001502.jpg,2010_001402.jpg,10,40.0,40.0,60.0,90.0
cat,2009_001522.jpg,2010_002485.jpg,7,0.0,14.285714285714285,14.285714285714285,28.57142857142857
cat,2009_002104.jpg,2009_005033.jpg,7,42.857142857142854,71.42857142857143,71.42857142857143,71.42857142857143
cat,2009_002837.jpg,2010_001544.jpg,8,37.5,62.5,75.0,75.0
cat,2009_003118.jpg,2007_002445.jpg,6,16.666666666666664,33.33333333333333,33.33333333333333,33.33333333333333
cat,2009_003143.jpg,2010_001292.jpg,6,50.0,66.66666666666666,83.33333333333334,83.33333333333334
cat,2009_003222.jpg,2008_006194.jpg,6,0.0,0.0,16.666666666666664,33.33333333333333
cat,2009_003489.jpg,2008_005288.jpg,7,42.857142857142854,71.42857142857143,71.42857142857143,71.42857142857143
cat,2009_003601.jpg,2009_003222.jpg,6,16.666666666666664,33.33333333333333,50.0,50.0
cat,2009_003647.jpg,2008_006599.jpg,6,16.666666666666664,16.666666666666664,16.666666666666664,33.33333333333333
cat,2009_003847.jpg,2008_002957.jpg,7,42.857142857142854,71.42857142857143,71.42857142857143,71.42857142857143
cat,2009_004157.jpg,2009_001484.jpg,7,14.285714285714285,42.857142857142854,57.14285714285714,57.14285714285714
cat,2009_004248.jpg,2008_001335.jpg,6,33.33333333333333,50.0,50.0,50.0
cat,2009_004261.jpg,2008_003974.jpg,7,42.857142857142854,42.857142857142854,71.42857142857143,100.0
cat,2009_004504.jpg,2009_004999.jpg,11,0.0,9.090909090909092,18.181818181818183,36.36363636363637
cat,2009_004796.jpg,2008_000056.jpg,5,0.0,40.0,40.0,40.0
cat,2009_004953.jpg,2010_001457.jpg,5,60.0,60.0,80.0,80.0
cat,2009_004999.jpg,2009_004504.jpg,11,0.0,0.0,0.0,18.181818181818183
cat,2009_005033.jpg,2009_002104.jpg,7,57.14285714285714,57.14285714285714,71.42857142857143,71.42857142857143
cat,2010_000001.jpg,2007_004856.jpg,13,15.384615384615385,38.46153846153847,53.84615384615385,84.61538461538461
cat,2010_000157.jpg,2010_004104.jpg,7,42.857142857142854,57.14285714285714,71.42857142857143,71.42857142857143
cat,2010_000175.jpg,2011_001572.jpg,7,42.857142857142854,57.14285714285714,85.71428571428571,100.0
cat,2010_000458.jpg,2010_002479.jpg,7,28.57142857142857,42.857142857142854,71.42857142857143,71.42857142857143
cat,2010_000712.jpg,2009_004157.jpg,7,28.57142857142857,71.42857142857143,85.71428571428571,85.71428571428571
cat,2010_000791.jpg,2008_000536.jpg,6,33.33333333333333,33.33333333333333,33.33333333333333,33.33333333333333
cat,2010_000815.jpg,2010_004320.jpg,6,16.666666666666664,50.0,50.0,66.66666666666666
cat,2010_000842.jpg,2011_000229.jpg,10,10.0,30.0,50.0,70.0
cat,2010_001025.jpg,2010_001292.jpg,6,33.33333333333333,66.66666666666666,66.66666666666666,66.66666666666666
cat,2010_001054.jpg,2009_004248.jpg,6,33.33333333333333,66.66666666666666,66.66666666666666,100.0
cat,2010_001089.jpg,2008_006194.jpg,6,16.666666666666664,16.666666666666664,33.33333333333333,33.33333333333333
cat,2010_001140.jpg,2010_004425.jpg,8,12.5,62.5,75.0,87.5
cat,2010_001240.jpg,2010_003358.jpg,6,83.33333333333334,83.33333333333334,83.33333333333334,83.33333333333334
cat,2010_001292.jpg,2009_000249.jpg,6,50.0,50.0,66.66666666666666,66.66666666666666
cat,2010_001331.jpg,2008_000401.jpg,6,0.0,16.666666666666664,50.0,66.66666666666666
cat,2010_001361.jpg,2010_002645.jpg,5,40.0,40.0,60.0,60.0
cat,2010_001401.jpg,2008_006599.jpg,6,16.666666666666664,16.666666666666664,16.666666666666664,66.66666666666666
cat,2010_001402.jpg,2009_001502.jpg,10,30.0,30.0,70.0,70.0
cat,2010_001418.jpg,2008_000724.jpg,7,28.57142857142857,57.14285714285714,57.14285714285714,57.14285714285714
cat,2010_001457.jpg,2010_005508.jpg,5,40.0,60.0,80.0,80.0
cat,2010_001544.jpg,2009_002837.jpg,8,37.5,50.0,50.0,62.5
cat,2010_001555.jpg,2009_001484.jpg,7,14.285714285714285,14.285714285714285,28.57142857142857,42.857142857142854
cat,2010_001885.jpg,2008_000839.jpg,7,85.71428571428571,100.0,100.0,100.0
cat,2010_001957.jpg,2008_004347.jpg,10,0.0,10.0,40.0,40.0
cat,2010_002192.jpg,2010_005935.jpg,10,0.0,10.0,10.0,20.0
cat,2010_002286.jpg,2010_001089.jpg,6,16.666666666666664,66.66666666666666,66.66666666666666,66.66666666666666
cat,2010_002333.jpg,2010_002645.jpg,5,40.0,40.0,40.0,80.0
cat,2010_002479.jpg,2010_000458.jpg,7,0.0,14.285714285714285,57.14285714285714,57.14285714285714
cat,2010_002485.jpg,2009_001522.jpg,7,0.0,28.57142857142857,42.857142857142854,71.42857142857143
cat,2010_002645.jpg,2010_002333.jpg,5,60.0,60.0,60.0,60.0
cat,2010_002891.jpg,2009_001522.jpg,7,28.57142857142857,42.857142857142854,42.857142857142854,71.42857142857143
cat,2010_002976.jpg,2008_000536.jpg,6,0.0,33.33333333333333,50.0,66.66666666666666
cat,2010_003223.jpg,2010_001402.jpg,10,40.0,50.0,60.0,80.0
cat,2010_003309.jpg,2010_004808.jpg,5,20.0,40.0,40.0,40.0
cat,2010_003358.jpg,2010_001054.jpg,6,83.33333333333334,83.33333333333334,100.0,100.0
cat,2010_003371.jpg,2008_000724.jpg,7,0.0,0.0,14.285714285714285,28.57142857142857
cat,2010_003773.jpg,2008_007353.jpg,6,16.666666666666664,33.33333333333333,33.33333333333333,33.33333333333333
cat,2010_003818.jpg,2009_000970.jpg,6,83.33333333333334,100.0,100.0,100.0
cat,2010_003950.jpg,2008_006599.jpg,6,16.666666666666664,16.666666666666664,16.666666666666664,66.66666666666666
cat,2010_003974.jpg,2010_000712.jpg,7,42.857142857142854,42.857142857142854,57.14285714285714,57.14285714285714
cat,2010_004104.jpg,2010_000157.jpg,7,14.285714285714285,42.857142857142854,71.42857142857143,85.71428571428571
cat,2010_004320.jpg,2010_005208.jpg,6,16.666666666666664,50.0,83.33333333333334,100.0
cat,2010_004402.jpg,2009_003647.jpg,6,16.666666666666664,16.666666666666664,33.33333333333333,83.33333333333334
cat,2010_004425.jpg,2010_001140.jpg,8,62.5,62.5,75.0,75.0
cat,2010_004808.jpg,2010_005508.jpg,5,40.0,40.0,40.0,80.0
cat,2010_004954.jpg,2008_006325.jpg,14,28.57142857142857,28.57142857142857,50.0,64.28571428571429
cat,2010_005108.jpg,2008_000056.jpg,5,0.0,40.0,40.0,40.0
cat,2010_005208.jpg,2010_004320.jpg,6,33.33333333333333,50.0,83.33333333333334,83.33333333333334
cat,2010_005250.jpg,2009_004248.jpg,6,16.666666666666664,16.666666666666664,50.0,66.66666666666666
cat,2010_005264.jpg,2009_003118.jpg,6,0.0,16.666666666666664,66.66666666666666,66.66666666666666
cat,2010_005317.jpg,2008_003974.jpg,7,42.857142857142854,42.857142857142854,57.14285714285714,71.42857142857143
cat,2010_005386.jpg,2007_008575.jpg,6,0.0,0.0,33.33333333333333,33.33333333333333
cat,2010_005508.jpg,2010_001457.jpg,5,40.0,40.0,80.0,80.0
cat,2010_005535.jpg,2007_000549.jpg,6,16.666666666666664,33.33333333333333,33.33333333333333,66.66666666666666
cat,2010_005647.jpg,2010_003773.jpg,6,0.0,0.0,0.0,16.666666666666664
cat,2010_005732.jpg,2007_000549.jpg,6,16.666666666666664,33.33333333333333,33.33333333333333,33.33333333333333
cat,2010_005935.jpg,2010_002192.jpg,10,10.0,10.0,20.0,20.0
cat,2011_000229.jpg,2010_000842.jpg,10,20.0,20.0,20.0,30.0
cat,2011_001572.jpg,2010_000175.jpg,7,28.57142857142857,57.14285714285714,57.14285714285714,57.14285714285714
cat,2011_002347.jpg,2011_003216.jpg,7,28.57142857142857,42.857142857142854,57.14285714285714,57.14285714285714
cat,2011_003216.jpg,2011_002347.jpg,7,14.285714285714285,14.285714285714285,42.857142857142854,42.857142857142854
chair,2008_000089.jpg,2008_007893.jpg,10,60.0,80.0,80.0,80.0
chair,2008_001715.jpg,2009_002755.jpg,10,20.0,20.0,40.0,60.0
chair,2008_001783.jpg,2008_007006.jpg,10,60.0,70.0,80.0,90.0
chair,2008_002288.jpg,2008_007415.jpg,8,0.0,12.5,25.0,50.0
chair,2008_002601.jpg,2009_004718.jpg,4,0.0,0.0,0.0,0.0
chair,2008_003821.jpg,2009_004746.jpg,10,50.0,50.0,50.0,60.0
chair,2008_004612.jpg,2009_001431.jpg,9,22.22222222222222,33.33333333333333,33.33333333333333,66.66666666666666
chair,2008_005456.jpg,2008_006696.jpg,8,50.0,62.5,62.5,75.0
chair,2008_005767.jpg,2008_005456.jpg,8,25.0,25.0,25.0,25.0
chair,2008_006258.jpg,2011_000124.jpg,9,33.33333333333333,44.44444444444444,44.44444444444444,66.66666666666666
chair,2008_006696.jpg,2008_005456.jpg,8,50.0,75.0,87.5,87.5
chair,2008_006834.jpg,2009_004921.jpg,6,16.666666666666664,16.666666666666664,33.33333333333333,33.33333333333333
chair,2008_006863.jpg,2009_001806.jpg,7,28.57142857142857,28.57142857142857,42.857142857142854,57.14285714285714
chair,2008_007006.jpg,2008_001783.jpg,10,30.0,30.0,50.0,80.0
chair,2008_007415.jpg,2008_002288.jpg,8,12.5,12.5,12.5,12.5
chair,2008_007893.jpg,2008_000089.jpg,10,50.0,50.0,50.0,50.0
chair,2008_007988.jpg,2008_000089.jpg,10,70.0,80.0,90.0,90.0
chair,2008_008589.jpg,2010_005800.jpg,9,11.11111111111111,44.44444444444444,44.44444444444444,44.44444444444444
chair,2008_008694.jpg,2008_005767.jpg,8,12.5,12.5,25.0,25.0
chair,2009_000567.jpg,2010_005800.jpg,9,11.11111111111111,77.77777777777779,77.77777777777779,77.77777777777779
chair,2009_000590.jpg,2009_005263.jpg,10,10.0,40.0,60.0,70.0
chair,2009_000624.jpg,2010_002575.jpg,10,40.0,50.0,60.0,70.0
chair,2009_000794.jpg,2010_005982.jpg,6,16.666666666666664,50.0,66.66666666666666,66.66666666666666
chair,2009_001431.jpg,2008_004612.jpg,9,22.22222222222222,44.44444444444444,44.44444444444444,55.55555555555556
chair,2009_001507.jpg,2008_006834.jpg,6,0.0,33.33333333333333,33.33333333333333,33.33333333333333
chair,2009_001676.jpg,2010_004813.jpg,9,44.44444444444444,55.55555555555556,55.55555555555556,55.55555555555556
chair,2009_001806.jpg,2008_006863.jpg,7,28.57142857142857,28.57142857142857,28.57142857142857,42.857142857142854
chair,2009_002252.jpg,2009_004746.jpg,10,60.0,60.0,70.0,80.0
chair,2009_002374.jpg,2010_000090.jpg,6,33.33333333333333,33.33333333333333,33.33333333333333,50.0
chair,2009_002415.jpg,2008_006696.jpg,8,50.0,50.0,50.0,62.5
chair,2009_002755.jpg,2009_005163.jpg,10,50.0,50.0,50.0,60.0
chair,2009_003677.jpg,2008_003821.jpg,10,20.0,30.0,50.0,50.0
chair,2009_003694.jpg,2010_001731.jpg,10,50.0,50.0,50.0,50.0
chair,2009_004536.jpg,2010_004813.jpg,9,44.44444444444444,44.44444444444444,44.44444444444444,44.44444444444444
chair,2009_004718.jpg,2008_002601.jpg,4,0.0,25.0,25.0,25.0
chair,2009_004746.jpg,2008_003821.jpg,10,20.0,30.0,40.0,60.0
chair,2009_004869.jpg,2010_002227.jpg,5,40.0,40.0,40.0,60.0
chair,2009_004921.jpg,2008_006834.jpg,6,33.33333333333333,50.0,50.0,66.66666666666666
chair,2009_004939.jpg,2010_003677.jpg,6,16.666666666666664,16.666666666666664,33.33333333333333,33.33333333333333
chair,2009_005163.jpg,2009_002755.jpg,10,40.0,40.0,60.0,60.0
chair,2009_005263.jpg,2009_000590.jpg,10,20.0,30.0,50.0,90.0
chair,2010_000090.jpg,2010_003677.jpg,6,16.666666666666664,16.666666666666664,16.666666666666664,33.33333333333333
chair,2010_000485.jpg,2010_001731.jpg,10,40.0,40.0,50.0,60.0
chair,2010_000511.jpg,2008_006834.jpg,6,33.33333333333333,50.0,50.0,50.0
chair,2010_001731.jpg,2009_003694.jpg,10,30.0,50.0,50.0,50.0
chair,2010_001973.jpg,2008_001715.jpg,10,30.0,30.0,30.0,40.0
chair,2010_002227.jpg,2009_004869.jpg,5,20.0,20.0,20.0,40.0
chair,2010_002575.jpg,2009_000624.jpg,10,20.0,40.0,60.0,80.0
chair,2010_002642.jpg,2008_002288.jpg,8,25.0,25.0,25.0,50.0
chair,2010_003677.jpg,2009_004939.jpg,6,0.0,16.666666666666664,50.0,50.0
chair,2010_004813.jpg,2009_001676.jpg,9,33.33333333333333,44.44444444444444,55.55555555555556,55.55555555555556
chair,2010_005238.jpg,2009_004939.jpg,6,0.0,0.0,33.33333333333333,50.0
chair,2010_005800.jpg,2008_008589.jpg,9,33.33333333333333,33.33333333333333,55.55555555555556,77.77777777777779
chair,2010_005982.jpg,2009_000794.jpg,6,33.33333333333333,50.0,50.0,50.0
chair,2011_000124.jpg,2008_006258.jpg,9,22.22222222222222,22.22222222222222,33.33333333333333,55.55555555555556
chair,2011_001812.jpg,2008_007006.jpg,10,50.0,70.0,70.0,80.0
chair,2011_002386.jpg,2008_002288.jpg,8,12.5,25.0,25.0,50.0
chair,2011_003011.jpg,2008_007893.jpg,10,40.0,40.0,40.0,40.0
chair,2011_003097.jpg,2011_000124.jpg,9,22.22222222222222,33.33333333333333,33.33333333333333,33.33333333333333
cow,2007_005124.jpg,2009_002708.jpg,7,42.857142857142854,57.14285714285714,57.14285714285714,71.42857142857143
cow,2008_001359.jpg,2010_003011.jpg,8,75.0,75.0,75.0,75.0
cow,2008_005105.jpg,2011_000784.jpg,16,62.5,81.25,81.25,87.5
cow,2008_008169.jpg,2009_000632.jpg,7,42.857142857142854,57.14285714285714,57.14285714285714,71.42857142857143
cow,2009_000632.jpg,2008_008169.jpg,7,14.285714285714285,57.14285714285714,57.14285714285714,85.71428571428571
cow,2009_001475.jpg,2010_004283.jpg,6,50.0,50.0,50.0,50.0
cow,2009_002708.jpg,2007_005124.jpg,7,14.285714285714285,28.57142857142857,28.57142857142857,42.857142857142854
cow,2009_005081.jpg,2010_004322.jpg,5,20.0,40.0,40.0,40.0
cow,2010_003011.jpg,2008_001359.jpg,8,50.0,62.5,62.5,75.0
cow,2010_004283.jpg,2009_001475.jpg,6,66.66666666666666,83.33333333333334,100.0,100.0
cow,2010_004322.jpg,2009_005081.jpg,5,40.0,40.0,60.0,60.0
cow,2010_005458.jpg,2010_004283.jpg,6,33.33333333333333,33.33333333333333,50.0,50.0
cow,2011_000784.jpg,2008_005105.jpg,16,12.5,50.0,50.0,50.0
cow,2011_001282.jpg,2011_002189.jpg,16,25.0,43.75,62.5,68.75
cow,2011_002189.jpg,2011_001282.jpg,16,37.5,50.0,68.75,87.5
diningtable,2008_002114.jpg,2009_003115.jpg,4,0.0,25.0,50.0,50.0
diningtable,2008_002892.jpg,2010_001785.jpg,4,0.0,0.0,25.0,25.0
diningtable,2008_003904.jpg,2009_001922.jpg,4,50.0,50.0,75.0,75.0
diningtable,2008_005070.jpg,2009_002443.jpg,4,25.0,25.0,25.0,75.0
diningtable,2008_005081.jpg,2011_002241.jpg,6,0.0,16.666666666666664,16.666666666666664,16.666666666666664
diningtable,2008_006705.jpg,2008_002892.jpg,4,0.0,25.0,50.0,75.0
diningtable,2008_008388.jpg,2009_002688.jpg,4,0.0,0.0,0.0,25.0
diningtable,2009_000109.jpg,2009_000188.jpg,7,14.285714285714285,28.57142857142857,28.57142857142857,42.857142857142854
diningtable,2009_000188.jpg,2009_000109.jpg,7,14.285714285714285,28.57142857142857,28.57142857142857,42.857142857142854
diningtable,2009_000502.jpg,2010_005865.jpg,4,25.0,25.0,100.0,100.0
diningtable,2009_000575.jpg,2009_005145.jpg,4,0.0,25.0,25.0,25.0
diningtable,2009_000811.jpg,2010_006056.jpg,6,16.666666666666664,33.33333333333333,50.0,83.33333333333334
diningtable,2009_001922.jpg,2008_003904.jpg,4,50.0,75.0,75.0,75.0
diningtable,2009_002111.jpg,2009_000811.jpg,6,33.33333333333333,33.33333333333333,33.33333333333333,50.0
diningtable,2009_002328.jpg,2011_002147.jpg,4,0.0,25.0,50.0,75.0
diningtable,2009_002415.jpg,2010_003157.jpg,6,16.666666666666664,16.666666666666664,16.666666666666664,33.33333333333333
diningtable,2009_002443.jpg,2008_005070.jpg,4,25.0,50.0,75.0,75.0
diningtable,2009_002613.jpg,2010_002721.jpg,8,12.5,12.5,12.5,12.5
diningtable,2009_002688.jpg,2008_008388.jpg,4,0.0,0.0,50.0,50.0
diningtable,2009_003115.jpg,2008_002114.jpg,4,0.0,0.0,25.0,25.0
diningtable,2009_004616.jpg,2010_004751.jpg,4,50.0,50.0,50.0,50.0
diningtable,2009_005145.jpg,2009_000575.jpg,4,25.0,50.0,50.0,50.0
diningtable,2010_000938.jpg,2009_000575.jpg,4,25.0,25.0,25.0,50.0
diningtable,2010_001181.jpg,2011_000065.jpg,8,37.5,62.5,62.5,75.0
diningtable,2010_001199.jpg,2010_002721.jpg,8,25.0,37.5,37.5,50.0
diningtable,2010_001785.jpg,2008_002892.jpg,4,50.0,50.0,75.0,75.0
diningtable,2010_002639.jpg,2010_004597.jpg,4,25.0,25.0,50.0,50.0
diningtable,2010_002721.jpg,2010_001199.jpg,8,12.5,50.0,62.5,75.0
diningtable,2010_002729.jpg,2010_004751.jpg,4,0.0,0.0,0.0,0.0
diningtable,2010_003157.jpg,2009_002415.jpg,6,16.666666666666664,16.666666666666664,16.666666666666664,33.33333333333333
diningtable,2010_004597.jpg,2010_002639.jpg,4,0.0,0.0,0.0,0.0
diningtable,2010_004751.jpg,2008_002892.jpg,4,0.0,50.0,75.0,75.0
diningtable,2010_005865.jpg,2009_000502.jpg,4,0.0,25.0,25.0,50.0
diningtable,2010_006056.jpg,2009_000811.jpg,6,33.33333333333333,33.33333333333333,33.33333333333333,33.33333333333333
diningtable,2011_000065.jpg,2010_001181.jpg,8,50.0,50.0,50.0,50.0
diningtable,2011_001678.jpg,2010_002729.jpg,4,0.0,25.0,25.0,25.0
diningtable,2011_002147.jpg,2009_001922.jpg,4,0.0,0.0,25.0,25.0
diningtable,2011_002241.jpg,2008_005081.jpg,6,16.666666666666664,66.66666666666666,66.66666666666666,83.33333333333334
dog,2008_000066.jpg,2009_003095.jpg,7,57.14285714285714,71.42857142857143,71.42857142857143,85.71428571428571
dog,2008_000183.jpg,2009_000586.jpg,10,10.0,10.0,30.0,40.0
dog,2008_000330.jpg,2009_003467.jpg,8,12.5,37.5,62.5,62.5
dog,2008_000901.jpg,2010_006066.jpg,6,0.0,0.0,16.666666666666664,33.33333333333333
dog,2008_000934.jpg,2009_001885.jpg,7,14.285714285714285,28.57142857142857,42.857142857142854,57.14285714285714
dog,2008_001479.jpg,2010_001709.jpg,13,30.76923076923077,38.46153846153847,61.53846153846154,76.92307692307693
dog,2008_001676.jpg,2011_002833.jpg,6,50.0,66.66666666666666,66.66666666666666,66.66666666666666
dog,2008_001871.jpg,2009_000586.jpg,10,10.0,10.0,40.0,50.0
dog,2008_002767.jpg,2011_001344.jpg,7,28.57142857142857,28.57142857142857,42.857142857142854,57.14285714285714
dog,2008_003347.jpg,2008_007781.jpg,10,40.0,40.0,60.0,60.0
dog,2008_003746.jpg,2008_006170.jpg,8,37.5,50.0,100.0,100.0
dog,2008_003975.jpg,2010_001644.jpg,7,0.0,28.57142857142857,42.857142857142854,42.857142857142854
dog,2008_004106.jpg,2010_000846.jpg,10,0.0,20.0,30.0,40.0
dog,2008_004273.jpg,2009_002908.jpg,9,22.22222222222222,44.44444444444444,44.44444444444444,55.55555555555556
dog,2008_004410.jpg,2011_000772.jpg,6,50.0,50.0,50.0,50.0
dog,2008_004722.jpg,2010_002248.jpg,5,20.0,20.0,40.0,40.0
dog,2008_005679.jpg,2008_001676.jpg,6,33.33333333333333,33.33333333333333,33.33333333333333,33.33333333333333
dog,2008_005898.jpg,2010_000788.jpg,6,16.666666666666664,33.33333333333333,50.0,50.0
dog,2008_006170.jpg,2010_001242.jpg,8,62.5,75.0,87.5,100.0
dog,2008_006716.jpg,2010_001529.jpg,10,20.0,20.0,40.0,70.0
dog,2008_006811.jpg,2010_000170.jpg,7,14.285714285714285,14.285714285714285,28.57142857142857,28.57142857142857
dog,2008_006968.jpg,2010_003060.jpg,6,33.33333333333333,66.66666666666666,83.33333333333334,100.0
dog,2008_007236.jpg,2010_002248.jpg,5,20.0,80.0,80.0,80.0
dog,2008_007583.jpg,2009_000953.jpg,7,14.285714285714285,42.857142857142854,42.857142857142854,100.0
dog,2008_007781.jpg,2008_003347.jpg,10,10.0,20.0,50.0,60.0
dog,2009_000550.jpg,2009_003627.jpg,15,33.33333333333333,33.33333333333333,40.0,40.0
dog,2009_000586.jpg,2009_001916.jpg,10,10.0,10.0,20.0,50.0
dog,2009_000839.jpg,2008_001676.jpg,6,0.0,16.666666666666664,33.33333333333333,66.66666666666666
dog,2009_000953.jpg,2008_007583.jpg,7,28.57142857142857,42.857142857142854,42.857142857142854,71.42857142857143
dog,2009_001133.jpg,2010_005201.jpg,7,28.57142857142857,28.57142857142857,42.857142857142854,71.42857142857143
dog,2009_001589.jpg,2010_003837.jpg,6,50.0,50.0,66.66666666666666,66.66666666666666
dog,2009_001706.jpg,2009_002302.jpg,7,14.285714285714285,14.285714285714285,28.57142857142857,71.42857142857143
dog,2009_001885.jpg,2008_000934.jpg,7,14.285714285714285,28.57142857142857,28.57142857142857,57.14285714285714
dog,2009_001902.jpg,2011_002156.jpg,7,28.57142857142857,28.57142857142857,57.14285714285714,57.14285714285714
dog,2009_001916.jpg,2009_000586.jpg,10,40.0,50.0,70.0,90.0
dog,2009_001952.jpg,2008_005679.jpg,6,33.33333333333333,33.33333333333333,33.33333333333333,50.0
dog,2009_002302.jpg,2009_001706.jpg,7,42.857142857142854,71.42857142857143,85.71428571428571,85.71428571428571
dog,2009_002908.jpg,2008_004273.jpg,9,33.33333333333333,33.33333333333333,66.66666666666666,77.77777777777779
dog,2009_003095.jpg,2008_000066.jpg,7,57.14285714285714,71.42857142857143,71.42857142857143,71.42857142857143
dog,2009_003241.jpg,2008_002767.jpg,7,14.285714285714285,14.285714285714285,28.57142857142857,42.857142857142854
dog,2009_003467.jpg,2008_000330.jpg,8,25.0,37.5,62.5,75.0
dog,2009_003513.jpg,2011_002823.jpg,10,10.0,30.0,50.0,50.0
dog,2009_003627.jpg,2009_000550.jpg,15,20.0,33.33333333333333,40.0,60.0
dog,2009_003708.jpg,2010_000152.jpg,6,16.666666666666664,33.33333333333333,66.66666666666666,66.66666666666666
dog,2009_003879.jpg,2009_003627.jpg,15,33.33333333333333,40.0,46.666666666666664,46.666666666666664
dog,2009_004855.jpg,2010_003138.jpg,5,40.0,40.0,40.0,60.0
dog,2009_005162.jpg,2010_003826.jpg,8,37.5,37.5,62.5,62.5
dog,2010_000014.jpg,2010_005475.jpg,6,16.666666666666664,16.666666666666664,16.666666666666664,66.66666666666666
dog,2010_000026.jpg,2010_000152.jpg,6,50.0,50.0,66.66666666666666,66.66666666666666
dog,2010_000082.jpg,2010_000362.jpg,14,28.57142857142857,42.857142857142854,50.0,64.28571428571429
dog,2010_000152.jpg,2009_003708.jpg,6,0.0,16.666666666666664,16.666666666666664,50.0
dog,2010_000170.jpg,2008_006811.jpg,7,0.0,0.0,14.285714285714285,28.57142857142857
dog,2010_000276.jpg,2010_000846.jpg,10,10.0,10.0,20.0,40.0
dog,2010_000362.jpg,2010_000082.jpg,14,28.57142857142857,64.28571428571429,71.42857142857143,85.71428571428571
dog,2010_000395.jpg,2010_005201.jpg,7,42.857142857142854,57.14285714285714,71.42857142857143,71.42857142857143
dog,2010_000788.jpg,2008_005898.jpg,6,16.666666666666664,33.33333333333333,33.33333333333333,33.33333333333333
dog,2010_000846.jpg,2010_000276.jpg,10,0.0,10.0,10.0,10.0
dog,2010_001009.jpg,2010_002824.jpg,6,16.666666666666664,33.33333333333333,33.33333333333333,50.0
dog,2010_001242.jpg,2008_006170.jpg,8,50.0,100.0,100.0,100.0
dog,2010_001311.jpg,2010_003879.jpg,6,0.0,0.0,33.33333333333333,50.0
dog,2010_001370.jpg,2010_000395.jpg,7,28.57142857142857,28.57142857142857,42.857142857142854,71.42857142857143
dog,2010_001529.jpg,2010_005826.jpg,10,10.0,40.0,40.0,60.0
dog,2010_001644.jpg,2008_003975.jpg,7,28.57142857142857,28.57142857142857,28.57142857142857,57.14285714285714
dog,2010_001709.jpg,2008_001479.jpg,13,23.076923076923077,38.46153846153847,53.84615384615385,69.23076923076923
dog,2010_001760.jpg,2010_000276.jpg,10,20.0,50.0,70.0,70.0
dog,2010_002248.jpg,2008_007236.jpg,5,40.0,60.0,60.0,80.0
dog,2010_002299.jpg,2011_002833.jpg,6,16.666666666666664,33.33333333333333,33.33333333333333,33.33333333333333
dog,2010_002480.jpg,2010_004493.jpg,6,16.666666666666664,16.666666666666664,33.33333333333333,50.0
dog,2010_002534.jpg,2011_000122.jpg,10,20.0,30.0,60.0,60.0
dog,2010_002631.jpg,2010_003826.jpg,8,12.5,25.0,62.5,75.0
dog,2010_002786.jpg,2010_004957.jpg,6,33.33333333333333,50.0,66.66666666666666,66.66666666666666
dog,2010_002824.jpg,2010_003879.jpg,6,16.666666666666664,16.666666666666664,50.0,50.0
dog,2010_002901.jpg,2010_005826.jpg,10,40.0,40.0,60.0,60.0
dog,2010_003043.jpg,2010_004957.jpg,6,16.666666666666664,66.66666666666666,66.66666666666666,66.66666666666666
dog,2010_003060.jpg,2008_006968.jpg,6,50.0,66.66666666666666,100.0,100.0
dog,2010_003138.jpg,2009_004855.jpg,5,20.0,20.0,60.0,60.0
dog,2010_003162.jpg,2011_002589.jpg,6,16.666666666666664,66.66666666666666,66.66666666666666,66.66666666666666
dog,2010_003673.jpg,2011_002833.jpg,6,16.666666666666664,16.666666666666664,50.0,50.0
dog,2010_003826.jpg,2010_002631.jpg,8,0.0,12.5,37.5,87.5
dog,2010_003837.jpg,2009_001589.jpg,6,50.0,50.0,66.66666666666666,66.66666666666666
dog,2010_003879.jpg,2010_002824.jpg,6,16.666666666666664,16.666666666666664,16.666666666666664,50.0
dog,2010_004493.jpg,2010_002480.jpg,6,50.0,83.33333333333334,83.33333333333334,83.33333333333334
dog,2010_004656.jpg,2011_001054.jpg,6,0.0,16.666666666666664,50.0,50.0
dog,2010_004945.jpg,2011_002121.jpg,6,0.0,0.0,16.666666666666664,16.666666666666664
dog,2010_004957.jpg,2010_003043.jpg,6,50.0,50.0,50.0,66.66666666666666
dog,2010_005201.jpg,2009_001133.jpg,7,28.57142857142857,28.57142857142857,42.857142857142854,57.14285714285714
dog,2010_005206.jpg,2010_005384.jpg,5,0.0,0.0,20.0,40.0
dog,2010_005384.jpg,2010_005206.jpg,5,0.0,0.0,20.0,40.0
dog,2010_005475.jpg,2010_000014.jpg,6,33.33333333333333,33.33333333333333,83.33333333333334,83.33333333333334
dog,2010_005747.jpg,2010_004957.jpg,6,33.33333333333333,33.33333333333333,50.0,50.0
dog,2010_005826.jpg,2010_002901.jpg,10,30.0,50.0,80.0,90.0
dog,2010_006066.jpg,2008_000901.jpg,6,16.666666666666664,33.33333333333333,66.66666666666666,83.33333333333334
dog,2010_006076.jpg,2008_003746.jpg,8,12.5,37.5,50.0,62.5
dog,2011_000122.jpg,2010_002534.jpg,10,0.0,0.0,50.0,60.0
dog,2011_000772.jpg,2008_004410.jpg,6,33.33333333333333,50.0,50.0,50.0
dog,2011_001054.jpg,2010_004656.jpg,6,16.666666666666664,16.666666666666664,16.666666666666664,33.33333333333333
dog,2011_001344.jpg,2008_002767.jpg,7,0.0,0.0,0.0,42.857142857142854
dog,2011_001642.jpg,2010_001529.jpg,10,10.0,30.0,60.0,90.0
dog,2011_002121.jpg,2010_004945.jpg,6,16.666666666666664,50.0,66.66666666666666,83.33333333333334
dog,2011_002156.jpg,2009_001902.jpg,7,28.57142857142857,42.857142857142854,42.857142857142854,57.14285714285714
dog,2011_002589.jpg,2011_002833.jpg,6,50.0,50.0,50.0,83.33333333333334
dog,2011_002823.jpg,2009_003513.jpg,10,10.0,10.0,30.0,60.0
dog,2011_002833.jpg,2011_002589.jpg,6,50.0,66.66666666666666,83.33333333333334,83.33333333333334
dog,2011_002908.jpg,2011_002911.jpg,6,66.66666666666666,66.66666666666666,83.33333333333334,83.33333333333334
dog,2011_002911.jpg,2011_002908.jpg,6,33.33333333333333,50.0,66.66666666666666,66.66666666666666
dog,2011_003098.jpg,2010_002299.jpg,6,50.0,50.0,50.0,50.0
horse,2007_003022.jpg,2008_006646.jpg,13,15.384615384615385,15.384615384615385,38.46153846153847,46.15384615384615
horse,2007_005331.jpg,2009_000100.jpg,15,46.666666666666664,60.0,93.33333333333333,93.33333333333333
horse,2007_007109.jpg,2010_001503.jpg,7,28.57142857142857,28.57142857142857,28.57142857142857,28.57142857142857
horse,2008_000142.jpg,2011_001253.jpg,12,25.0,41.66666666666667,41.66666666666667,50.0
horse,2008_000602.jpg,2008_001992.jpg,5,0.0,20.0,40.0,40.0
horse,2008_001171.jpg,2010_005784.jpg,12,16.666666666666664,41.66666666666667,58.333333333333336,58.333333333333336
horse,2008_001992.jpg,2008_000602.jpg,5,20.0,20.0,20.0,20.0
horse,2008_002866.jpg,2009_000576.jpg,7,28.57142857142857,42.857142857142854,57.14285714285714,85.71428571428571
horse,2008_004396.jpg,2010_003380.jpg,7,0.0,14.285714285714285,28.57142857142857,28.57142857142857
horse,2008_005215.jpg,2009_004942.jpg,16,25.0,50.0,62.5,68.75
horse,2008_005396.jpg,2009_001180.jpg,5,20.0,40.0,80.0,80.0
horse,2008_005558.jpg,2010_005019.jpg,14,21.428571428571427,28.57142857142857,28.57142857142857,42.857142857142854
horse,2008_005928.jpg,2010_004228.jpg,6,33.33333333333333,66.66666666666666,100.0,100.0
horse,2008_006646.jpg,2007_003022.jpg,13,30.76923076923077,61.53846153846154,61.53846153846154,76.92307692307693
horse,2008_006758.jpg,2009_003768.jpg,12,33.33333333333333,50.0,50.0,50.0
horse,2008_007576.jpg,2008_008212.jpg,15,26.666666666666668,46.666666666666664,53.333333333333336,66.66666666666666
horse,2008_008212.jpg,2010_001077.jpg,15,40.0,53.333333333333336,53.333333333333336,66.66666666666666
horse,2008_008395.jpg,2010_004351.jpg,14,42.857142857142854,57.14285714285714,57.14285714285714,71.42857142857143
horse,2009_000100.jpg,2007_005331.jpg,15,33.33333333333333,40.0,60.0,86.66666666666667
horse,2009_000576.jpg,2009_003775.jpg,7,42.857142857142854,42.857142857142854,57.14285714285714,71.42857142857143
horse,2009_001180.jpg,2008_005396.jpg,5,60.0,80.0,80.0,80.0
horse,2009_003565.jpg,2010_002459.jpg,15,60.0,66.66666666666666,73.33333333333333,86.66666666666667
horse,2009_003686.jpg,2010_005484.jpg,6,33.33333333333333,33.33333333333333,33.33333333333333,33.33333333333333
horse,2009_003768.jpg,2008_006758.jpg,12,41.66666666666667,58.333333333333336,75.0,83.33333333333334
horse,2009_003775.jpg,2009_000576.jpg,7,42.857142857142854,42.857142857142854,71.42857142857143,85.71428571428571
horse,2009_003822.jpg,2007_003022.jpg,13,46.15384615384615,76.92307692307693,92.3076923076923,92.3076923076923
horse,2009_004942.jpg,2008_005215.jpg,16,31.25,62.5,68.75,68.75
horse,2010_001077.jpg,2008_008212.jpg,15,33.33333333333333,60.0,60.0,66.66666666666666
horse,2010_001503.jpg,2007_007109.jpg,7,0.0,42.857142857142854,57.14285714285714,71.42857142857143
horse,2010_002459.jpg,2009_003565.jpg,15,60.0,66.66666666666666,73.33333333333333,73.33333333333333
horse,2010_003380.jpg,2010_004145.jpg,7,14.285714285714285,42.857142857142854,57.14285714285714,85.71428571428571
horse,2010_004145.jpg,2010_003380.jpg,7,28.57142857142857,28.57142857142857,28.57142857142857,42.857142857142854
horse,2010_004228.jpg,2008_005928.jpg,6,33.33333333333333,50.0,50.0,50.0
horse,2010_004351.jpg,2008_008395.jpg,14,57.14285714285714,71.42857142857143,71.42857142857143,71.42857142857143
horse,2010_005019.jpg,2008_005558.jpg,14,42.857142857142854,64.28571428571429,64.28571428571429,64.28571428571429
horse,2010_005417.jpg,2008_001992.jpg,5,40.0,60.0,60.0,80.0
horse,2010_005484.jpg,2009_003686.jpg,6,50.0,66.66666666666666,66.66666666666666,83.33333333333334
horse,2010_005784.jpg,2008_001171.jpg,12,33.33333333333333,41.66666666666667,58.333333333333336,58.333333333333336
horse,2011_001253.jpg,2008_000142.jpg,12,58.333333333333336,66.66666666666666,66.66666666666666,83.33333333333334
motorbike,2007_004003.jpg,2008_008148.jpg,7,42.857142857142854,42.857142857142854,42.857142857142854,42.857142857142854
motorbike,2007_005951.jpg,2008_003152.jpg,8,37.5,37.5,50.0,62.5
motorbike,2007_009756.jpg,2010_005100.jpg,9,22.22222222222222,66.66666666666666,77.77777777777779,77.77777777777779
motorbike,2008_000689.jpg,2010_005876.jpg,10,30.0,60.0,60.0,70.0
motorbike,2008_001168.jpg,2011_001040.jpg,10,70.0,70.0,70.0,70.0
motorbike,2008_001631.jpg,2010_004894.jpg,5,0.0,0.0,0.0,40.0
motorbike,2008_001691.jpg,2008_008018.jpg,10,30.0,50.0,60.0,70.0
motorbike,2008_002926.jpg,2010_003200.jpg,10,20.0,40.0,40.0,40.0
motorbike,2008_002972.jpg,2010_001923.jpg,10,50.0,70.0,70.0,80.0
motorbike,2008_003152.jpg,2008_007646.jpg,8,25.0,37.5,62.5,75.0
motorbike,2008_003269.jpg,2010_002452.jpg,10,50.0,60.0,70.0,70.0
motorbike,2008_003320.jpg,2009_000882.jpg,9,44.44444444444444,66.66666666666666,77.77777777777779,77.77777777777779
motorbike,2008_003590.jpg,2010_004894.jpg,5,0.0,0.0,0.0,0.0
motorbike,2008_003827.jpg,2008_005893.jpg,10,10.0,40.0,50.0,60.0
motorbike,2008_003892.jpg,2010_000490.jpg,10,40.0,40.0,60.0,70.0
motorbike,2008_004345.jpg,2011_003063.jpg,9,22.22222222222222,44.44444444444444,66.66666666666666,66.66666666666666
motorbike,2008_004549.jpg,2010_005429.jpg,10,50.0,60.0,80.0,80.0
motorbike,2008_004822.jpg,2011_001605.jpg,10,20.0,40.0,40.0,70.0
motorbike,2008_005297.jpg,2008_005893.jpg,10,30.0,50.0,50.0,70.0
motorbike,2008_005374.jpg,2010_005199.jpg,9,44.44444444444444,77.77777777777779,88.88888888888889,88.88888888888889
motorbike,2008_005422.jpg,2008_007264.jpg,10,50.0,60.0,70.0,70.0
motorbike,2008_005603.jpg,2009_000611.jpg,10,30.0,40.0,50.0,70.0
motorbike,2008_005637.jpg,2010_003635.jpg,9,44.44444444444444,55.55555555555556,77.77777777777779,77.77777777777779
motorbike,2008_005893.jpg,2008_003827.jpg,10,10.0,50.0,50.0,60.0
motorbike,2008_006017.jpg,2011_000060.jpg,10,30.0,40.0,50.0,60.0
motorbike,2008_006441.jpg,2008_005893.jpg,10,10.0,40.0,40.0,40.0
motorbike,2008_006686.jpg,2010_005366.jpg,9,55.55555555555556,55.55555555555556,66.66666666666666,77.77777777777779
motorbike,2008_006889.jpg,2009_000184.jpg,10,40.0,60.0,70.0,70.0
motorbike,2008_007054.jpg,2008_001691.jpg,10,20.0,50.0,60.0,60.0
motorbike,2008_007241.jpg,2010_004355.jpg,10,30.0,30.0,30.0,40.0
motorbike,2008_007264.jpg,2008_005422.jpg,10,70.0,80.0,80.0,90.0
motorbike,2008_007336.jpg,2011_002786.jpg,10,10.0,20.0,40.0,40.0
motorbike,2008_007646.jpg,2008_003152.jpg,8,0.0,37.5,37.5,37.5
motorbike,2008_007739.jpg,2011_001508.jpg,10,60.0,70.0,90.0,90.0
motorbike,2008_008018.jpg,2008_008497.jpg,10,60.0,70.0,80.0,80.0
motorbike,2008_008148.jpg,2007_004003.jpg,7,14.285714285714285,42.857142857142854,57.14285714285714,57.14285714285714
motorbike,2008_008288.jpg,2009_004756.jpg,6,0.0,16.666666666666664,16.666666666666664,66.66666666666666
motorbike,2008_008497.jpg,2008_008018.jpg,10,60.0,70.0,70.0,70.0
motorbike,2008_008525.jpg,2009_000184.jpg,10,50.0,60.0,70.0,70.0
motorbike,2008_008552.jpg,2009_002129.jpg,9,33.33333333333333,33.33333333333333,55.55555555555556,66.66666666666666
motorbike,2009_000074.jpg,2011_000397.jpg,10,20.0,30.0,40.0,40.0
motorbike,2009_000184.jpg,2010_003200.jpg,10,50.0,50.0,50.0,50.0
motorbike,2009_000341.jpg,2010_000035.jpg,10,20.0,50.0,50.0,70.0
motorbike,2009_000402.jpg,2009_002902.jpg,9,22.22222222222222,33.33333333333333,33.33333333333333,55.55555555555556
motorbike,2009_000611.jpg,2008_007241.jpg,10,50.0,60.0,70.0,80.0
motorbike,2009_000882.jpg,2008_003320.jpg,9,55.55555555555556,77.77777777777779,77.77777777777779,88.88888888888889
motorbike,2009_001135.jpg,2010_005346.jpg,9,33.33333333333333,44.44444444444444,55.55555555555556,66.66666666666666
motorbike,2009_001151.jpg,2011_002921.jpg,10,50.0,50.0,70.0,80.0
motorbike,2009_001638.jpg,2011_000034.jpg,9,22.22222222222222,33.33333333333333,55.55555555555556,77.77777777777779
motorbike,2009_001677.jpg,2010_000991.jpg,9,44.44444444444444,44.44444444444444,55.55555555555556,88.88888888888889
motorbike,2009_001973.jpg,2010_004355.jpg,10,30.0,50.0,50.0,70.0
motorbike,2009_001984.jpg,2010_002251.jpg,10,60.0,60.0,70.0,70.0
motorbike,2009_002077.jpg,2009_000611.jpg,10,10.0,30.0,30.0,50.0
motorbike,2009_002129.jpg,2011_000053.jpg,9,44.44444444444444,44.44444444444444,44.44444444444444,55.55555555555556
motorbike,2009_002763.jpg,2010_004422.jpg,9,44.44444444444444,44.44444444444444,44.44444444444444,44.44444444444444
motorbike,2009_002902.jpg,2009_000402.jpg,9,22.22222222222222,55.55555555555556,55.55555555555556,66.66666666666666
motorbike,2009_003411.jpg,2010_000027.jpg,9,22.22222222222222,33.33333333333333,55.55555555555556,55.55555555555556
motorbike,2009_003722.jpg,2010_005100.jpg,9,22.22222222222222,44.44444444444444,55.55555555555556,77.77777777777779
motorbike,2009_003743.jpg,2009_004502.jpg,8,25.0,62.5,87.5,87.5
motorbike,2009_003820.jpg,2010_003469.jpg,9,22.22222222222222,33.33333333333333,44.44444444444444,55.55555555555556
motorbike,2009_004093.jpg,2008_003827.jpg,10,40.0,40.0,60.0,70.0
motorbike,2009_004117.jpg,2010_004766.jpg,9,11.11111111111111,22.22222222222222,33.33333333333333,33.33333333333333
motorbike,2009_004202.jpg,2008_008552.jpg,9,44.44444444444444,55.55555555555556,66.66666666666666,66.66666666666666
motorbike,2009_004502.jpg,2009_003743.jpg,8,50.0,75.0,75.0,75.0
motorbike,2009_004756.jpg,2008_008288.jpg,6,0.0,33.33333333333333,33.33333333333333,33.33333333333333
motorbike,2010_000027.jpg,2010_000991.jpg,9,11.11111111111111,11.11111111111111,44.44444444444444,44.44444444444444
motorbike,2010_000035.jpg,2009_000341.jpg,10,30.0,40.0,50.0,50.0
motorbike,2010_000255.jpg,2010_003200.jpg,10,40.0,60.0,70.0,80.0
motorbike,2010_000490.jpg,2008_003892.jpg,10,30.0,50.0,80.0,90.0
motorbike,2010_000495.jpg,2008_007264.jpg,10,30.0,70.0,70.0,70.0
motorbike,2010_000510.jpg,2011_002097.jpg,10,30.0,40.0,40.0,60.0
motorbike,2010_000583.jpg,2011_000651.jpg,9,22.22222222222222,44.44444444444444,55.55555555555556,55.55555555555556
motorbike,2010_000744.jpg,2011_001508.jpg,10,30.0,30.0,30.0,40.0
motorbike,2010_000991.jpg,2009_001677.jpg,9,33.33333333333333,55.55555555555556,55.55555555555556,77.77777777777779
motorbike,2010_001810.jpg,2010_004422.jpg,9,33.33333333333333,44.44444444444444,55.55555555555556,55.55555555555556
motorbike,2010_001923.jpg,2008_002972.jpg,10,30.0,30.0,40.0,50.0
motorbike,2010_002172.jpg,2009_000402.jpg,9,33.33333333333333,44.44444444444444,66.66666666666666,66.66666666666666
motorbike,2010_002251.jpg,2011_000397.jpg,10,50.0,60.0,60.0,60.0
motorbike,2010_002452.jpg,2008_004549.jpg,10,60.0,60.0,70.0,70.0
motorbike,2010_002747.jpg,2011_000618.jpg,8,50.0,62.5,75.0,75.0
motorbike,2010_003200.jpg,2009_000184.jpg,10,40.0,50.0,50.0,50.0
motorbike,2010_003469.jpg,2008_006686.jpg,9,33.33333333333333,55.55555555555556,55.55555555555556,55.55555555555556
motorbike,2010_003635.jpg,2008_005374.jpg,9,22.22222222222222,33.33333333333333,88.88888888888889,88.88888888888889
motorbike,2010_003695.jpg,2010_000495.jpg,10,50.0,50.0,50.0,60.0
motorbike,2010_003736.jpg,2009_001984.jpg,10,30.0,50.0,60.0,70.0
motorbike,2010_004119.jpg,2008_007264.jpg,10,60.0,80.0,80.0,80.0
motorbike,2010_004355.jpg,2008_007241.jpg,10,30.0,50.0,50.0,50.0
motorbike,2010_004422.jpg,2010_001810.jpg,9,55.55555555555556,66.66666666666666,77.77777777777779,77.77777777777779
motorbike,2010_004766.jpg,2009_004117.jpg,9,22.22222222222222,55.55555555555556,66.66666666666666,66.66666666666666
motorbike,2010_004894.jpg,2008_001631.jpg,5,0.0,20.0,20.0,20.0
motorbike,2010_004941.jpg,2011_000060.jpg,10,40.0,40.0,60.0,80.0
motorbike,2010_005100.jpg,2007_009756.jpg,9,55.55555555555556,55.55555555555556,66.66666666666666,66.66666666666666
motorbike,2010_005199.jpg,2008_005374.jpg,9,33.33333333333333,55.55555555555556,77.77777777777779,77.77777777777779
motorbike,2010_005346.jpg,2009_001135.jpg,9,22.22222222222222,33.33333333333333,44.44444444444444,66.66666666666666
motorbike,2010_005366.jpg,2008_006686.jpg,9,44.44444444444444,66.66666666666666,66.66666666666666,66.66666666666666
motorbike,2010_005429.jpg,2008_004549.jpg,10,60.0,80.0,100.0,100.0
motorbike,2010_005684.jpg,2010_002251.jpg,10,30.0,30.0,30.0,30.0
motorbike,2010_005876.jpg,2011_000397.jpg,10,30.0,60.0,70.0,90.0
motorbike,2010_006051.jpg,2009_004502.jpg,8,62.5,87.5,87.5,100.0
motorbike,2011_000034.jpg,2009_001638.jpg,9,22.22222222222222,44.44444444444444,55.55555555555556,55.55555555555556
motorbike,2011_000053.jpg,2008_005374.jpg,9,44.44444444444444,55.55555555555556,77.77777777777779,77.77777777777779
motorbike,2011_000060.jpg,2008_008497.jpg,10,50.0,60.0,60.0,70.0
motorbike,2011_000397.jpg,2010_002251.jpg,10,40.0,50.0,50.0,60.0
motorbike,2011_000618.jpg,2010_002747.jpg,8,50.0,75.0,75.0,75.0
motorbike,2011_000651.jpg,2010_000991.jpg,9,22.22222222222222,22.22222222222222,22.22222222222222,33.33333333333333
motorbike,2011_001040.jpg,2008_007264.jpg,10,20.0,20.0,20.0,50.0
motorbike,2011_001266.jpg,2008_008497.jpg,10,40.0,70.0,70.0,70.0
motorbike,2011_001286.jpg,2008_007264.jpg,10,40.0,40.0,70.0,80.0
motorbike,2011_001498.jpg,2008_006441.jpg,10,10.0,20.0,30.0,40.0
motorbike,2011_001508.jpg,2008_007739.jpg,10,30.0,60.0,70.0,70.0
motorbike,2011_001524.jpg,2008_007241.jpg,10,30.0,30.0,70.0,80.0
motorbike,2011_001605.jpg,2010_000744.jpg,10,60.0,80.0,90.0,90.0
motorbike,2011_001765.jpg,2010_004422.jpg,9,33.33333333333333,33.33333333333333,33.33333333333333,44.44444444444444
motorbike,2011_002062.jpg,2008_002972.jpg,10,20.0,60.0,70.0,80.0
motorbike,2011_002097.jpg,2009_001151.jpg,10,20.0,50.0,60.0,70.0
motorbike,2011_002760.jpg,2011_000053.jpg,9,44.44444444444444,77.77777777777779,77.77777777777779,77.77777777777779
motorbike,2011_002786.jpg,2008_007264.jpg,10,20.0,40.0,40.0,50.0
motorbike,2011_002921.jpg,2009_001151.jpg,10,40.0,40.0,40.0,60.0
motorbike,2011_003013.jpg,2011_002921.jpg,10,60.0,80.0,80.0,90.0
motorbike,2011_003063.jpg,2008_004345.jpg,9,11.11111111111111,44.44444444444444,55.55555555555556,66.66666666666666
person,2008_000207.jpg,2011_002811.jpg,17,35.294117647058826,52.94117647058824,58.82352941176471,88.23529411764706
person,2008_000519.jpg,2008_000936.jpg,12,41.66666666666667,50.0,50.0,66.66666666666666
person,2008_000662.jpg,2009_002807.jpg,16,31.25,56.25,75.0,87.5
person,2008_000705.jpg,2008_001504.jpg,14,28.57142857142857,42.857142857142854,50.0,50.0
person,2008_000719.jpg,2008_003542.jpg,13,15.384615384615385,46.15384615384615,61.53846153846154,69.23076923076923
person,2008_000731.jpg,2008_004365.jpg,15,13.333333333333334,26.666666666666668,40.0,46.666666666666664
person,2008_000733.jpg,2008_004522.jpg,17,41.17647058823529,58.82352941176471,70.58823529411765,76.47058823529412
person,2008_000737.jpg,2008_000875.jpg,16,31.25,50.0,62.5,75.0
person,2008_000745.jpg,2011_002811.jpg,17,35.294117647058826,64.70588235294117,70.58823529411765,82.35294117647058
person,2008_000825.jpg,2008_003884.jpg,17,47.05882352941176,47.05882352941176,58.82352941176471,58.82352941176471
person,2008_000875.jpg,2008_000737.jpg,16,18.75,50.0,50.0,56.25
person,2008_000936.jpg,2008_000519.jpg,12,41.66666666666667,58.333333333333336,66.66666666666666,91.66666666666666
person,2008_001170.jpg,2008_002272.jpg,15,20.0,46.666666666666664,60.0,73.33333333333333
person,2008_001249.jpg,2008_002052.jpg,13,46.15384615384615,53.84615384615385,69.23076923076923,69.23076923076923
person,2008_001504.jpg,2008_000705.jpg,14,35.714285714285715,42.857142857142854,50.0,50.0
person,2008_001910.jpg,2008_000719.jpg,13,38.46153846153847,53.84615384615385,53.84615384615385,61.53846153846154
person,2008_001937.jpg,2008_004749.jpg,12,16.666666666666664,33.33333333333333,41.66666666666667,50.0
person,2008_002052.jpg,2008_002700.jpg,13,53.84615384615385,69.23076923076923,84.61538461538461,84.61538461538461
person,2008_002272.jpg,2008_001170.jpg,15,46.666666666666664,80.0,86.66666666666667,86.66666666666667
person,2008_002533.jpg,2009_001096.jpg,16,50.0,68.75,75.0,81.25
person,2008_002568.jpg,2008_004636.jpg,13,61.53846153846154,69.23076923076923,69.23076923076923,76.92307692307693
person,2008_002576.jpg,2008_003671.jpg,13,30.76923076923077,30.76923076923077,61.53846153846154,69.23076923076923
person,2008_002631.jpg,2011_002811.jpg,17,17.647058823529413,23.52941176470588,47.05882352941176,58.82352941176471
person,2008_002700.jpg,2008_002052.jpg,13,53.84615384615385,100.0,100.0,100.0
person,2008_002842.jpg,2009_001154.jpg,12,0.0,41.66666666666667,58.333333333333336,75.0
person,2008_002954.jpg,2008_007254.jpg,17,64.70588235294117,76.47058823529412,82.35294117647058,94.11764705882352
person,2008_003152.jpg,2008_004314.jpg,16,12.5,25.0,37.5,56.25
person,2008_003271.jpg,2008_002052.jpg,13,53.84615384615385,76.92307692307693,92.3076923076923,92.3076923076923
person,2008_003542.jpg,2008_000719.jpg,13,46.15384615384615,76.92307692307693,84.61538461538461,92.3076923076923
person,2008_003671.jpg,2008_002576.jpg,13,30.76923076923077,38.46153846153847,61.53846153846154,76.92307692307693
person,2008_003722.jpg,2010_000120.jpg,16,0.0,25.0,37.5,43.75
person,2008_003754.jpg,2008_000719.jpg,13,61.53846153846154,69.23076923076923,84.61538461538461,92.3076923076923
person,2008_003884.jpg,2008_000733.jpg,17,17.647058823529413,29.411764705882355,47.05882352941176,70.58823529411765
person,2008_004314.jpg,2008_003152.jpg,16,12.5,37.5,37.5,37.5
person,2008_004365.jpg,2008_000731.jpg,15,6.666666666666667,26.666666666666668,26.666666666666668,33.33333333333333
person,2008_004522.jpg,2008_000733.jpg,17,47.05882352941176,52.94117647058824,64.70588235294117,64.70588235294117
person,2008_004567.jpg,2008_001249.jpg,13,38.46153846153847,53.84615384615385,84.61538461538461,84.61538461538461
person,2008_004602.jpg,2011_002811.jpg,17,52.94117647058824,58.82352941176471,58.82352941176471,64.70588235294117
person,2008_004636.jpg,2008_002568.jpg,13,46.15384615384615,46.15384615384615,46.15384615384615,61.53846153846154
person,2008_004647.jpg,2008_004314.jpg,16,18.75,31.25,43.75,56.25
person,2008_004749.jpg,2008_001937.jpg,12,16.666666666666664,16.666666666666664,66.66666666666666,66.66666666666666
person,2008_006181.jpg,2011_002811.jpg,17,47.05882352941176,47.05882352941176,58.82352941176471,64.70588235294117
person,2008_007254.jpg,2008_002954.jpg,17,70.58823529411765,70.58823529411765,76.47058823529412,88.23529411764706
person,2008_007710.jpg,2009_003668.jpg,17,29.411764705882355,41.17647058823529,47.05882352941176,76.47058823529412
person,2008_007895.jpg,2008_000705.jpg,14,35.714285714285715,50.0,64.28571428571429,71.42857142857143
person,2009_000059.jpg,2008_000875.jpg,16,31.25,50.0,75.0,87.5
person,2009_001096.jpg,2008_002533.jpg,16,31.25,62.5,75.0,87.5
person,2009_001154.jpg,2008_002842.jpg,12,8.333333333333332,8.333333333333332,33.33333333333333,41.66666666666667
person,2009_001718.jpg,2009_003668.jpg,17,64.70588235294117,70.58823529411765,76.47058823529412,82.35294117647058
person,2009_002807.jpg,2008_000662.jpg,16,18.75,31.25,37.5,50.0
person,2009_003668.jpg,2008_007710.jpg,17,23.52941176470588,35.294117647058826,35.294117647058826,47.05882352941176
person,2010_000120.jpg,2008_003722.jpg,16,12.5,31.25,43.75,75.0
person,2010_002274.jpg,2011_002554.jpg,10,50.0,60.0,60.0,60.0
person,2010_002821.jpg,2010_000120.jpg,16,37.5,56.25,68.75,75.0
person,2011_002554.jpg,2010_002274.jpg,10,60.0,70.0,70.0,70.0
person,2011_002811.jpg,2008_002631.jpg,17,17.647058823529413,35.294117647058826,47.05882352941176,52.94117647058824
pottedplant,2008_000188.jpg,2008_001460.jpg,6,16.666666666666664,50.0,66.66666666666666,66.66666666666666
pottedplant,2008_001460.jpg,2008_000188.jpg,6,16.666666666666664,16.666666666666664,66.66666666666666,66.66666666666666
pottedplant,2008_002379.jpg,2008_008689.jpg,6,0.0,33.33333333333333,50.0,66.66666666666666
pottedplant,2008_003225.jpg,2010_003390.jpg,4,75.0,75.0,100.0,100.0
pottedplant,2008_004002.jpg,2009_003679.jpg,6,16.666666666666664,33.33333333333333,33.33333333333333,33.33333333333333
pottedplant,2008_004171.jpg,2011_001611.jpg,6,66.66666666666666,83.33333333333334,83.33333333333334,83.33333333333334
pottedplant,2008_006524.jpg,2010_004224.jpg,6,16.666666666666664,33.33333333333333,66.66666666666666,66.66666666666666
pottedplant,2008_006751.jpg,2010_001717.jpg,6,83.33333333333334,83.33333333333334,100.0,100.0
pottedplant,2008_007226.jpg,2011_000468.jpg,6,50.0,50.0,50.0,50.0
pottedplant,2008_007621.jpg,2011_000468.jpg,6,0.0,16.666666666666664,33.33333333333333,33.33333333333333
pottedplant,2008_008689.jpg,2010_001717.jpg,6,66.66666666666666,66.66666666666666,100.0,100.0
pottedplant,2009_000158.jpg,2008_003225.jpg,4,0.0,0.0,50.0,75.0
pottedplant,2009_000526.jpg,2011_001369.jpg,6,33.33333333333333,50.0,50.0,50.0
pottedplant,2009_001627.jpg,2010_000202.jpg,4,0.0,0.0,25.0,25.0
pottedplant,2009_001975.jpg,2008_006751.jpg,6,16.666666666666664,33.33333333333333,50.0,66.66666666666666
pottedplant,2009_002817.jpg,2011_002453.jpg,6,16.666666666666664,16.666666666666664,66.66666666666666,66.66666666666666
pottedplant,2009_003679.jpg,2008_004002.jpg,6,0.0,0.0,0.0,0.0
pottedplant,2009_003697.jpg,2011_002022.jpg,6,16.666666666666664,33.33333333333333,33.33333333333333,33.33333333333333
pottedplant,2009_004191.jpg,2010_004982.jpg,6,66.66666666666666,66.66666666666666,83.33333333333334,83.33333333333334
pottedplant,2009_004554.jpg,2011_001369.jpg,6,33.33333333333333,50.0,50.0,50.0
pottedplant,2010_000202.jpg,2009_001627.jpg,4,25.0,50.0,50.0,50.0
pottedplant,2010_000330.jpg,2011_002031.jpg,5,80.0,100.0,100.0,100.0
pottedplant,2010_001717.jpg,2008_006751.jpg,6,66.66666666666666,83.33333333333334,83.33333333333334,83.33333333333334
pottedplant,2010_003390.jpg,2008_003225.jpg,4,50.0,100.0,100.0,100.0
pottedplant,2010_003651.jpg,2010_001717.jpg,6,83.33333333333334,83.33333333333334,83.33333333333334,100.0
pottedplant,2010_004224.jpg,2009_003697.jpg,6,0.0,16.666666666666664,50.0,50.0
pottedplant,2010_004382.jpg,2010_000330.jpg,5,0.0,0.0,0.0,20.0
pottedplant,2010_004982.jpg,2009_004191.jpg,6,50.0,50.0,83.33333333333334,83.33333333333334
pottedplant,2011_000468.jpg,2008_007226.jpg,6,33.33333333333333,83.33333333333334,83.33333333333334,83.33333333333334
pottedplant,2011_000514.jpg,2010_004982.jpg,6,66.66666666666666,66.66666666666666,83.33333333333334,83.33333333333334
pottedplant,2011_001369.jpg,2009_004554.jpg,6,16.666666666666664,50.0,50.0,50.0
pottedplant,2011_001611.jpg,2008_004171.jpg,6,33.33333333333333,83.33333333333334,83.33333333333334,83.33333333333334
pottedplant,2011_002022.jpg,2009_003697.jpg,6,33.33333333333333,33.33333333333333,50.0,50.0
pottedplant,2011_002031.jpg,2010_000330.jpg,5,80.0,100.0,100.0,100.0
pottedplant,2011_002453.jpg,2009_000526.jpg,6,33.33333333333333,50.0,66.66666666666666,66.66666666666666
sheep,2007_002618.jpg,2010_000822.jpg,5,40.0,80.0,100.0,100.0
sheep,2009_002245.jpg,2010_001796.jpg,5,40.0,40.0,80.0,80.0
sheep,2009_003430.jpg,2009_004768.jpg,7,14.285714285714285,57.14285714285714,71.42857142857143,85.71428571428571
sheep,2009_004768.jpg,2009_003430.jpg,7,14.285714285714285,28.57142857142857,57.14285714285714,57.14285714285714
sheep,2010_000822.jpg,2007_002618.jpg,5,40.0,40.0,40.0,40.0
sheep,2010_001796.jpg,2009_002245.jpg,5,20.0,20.0,20.0,40.0
sofa,2008_001030.jpg,2011_002184.jpg,9,11.11111111111111,11.11111111111111,11.11111111111111,22.22222222222222
sofa,2008_001092.jpg,2008_004697.jpg,4,25.0,25.0,25.0,25.0
sofa,2008_001399.jpg,2009_004674.jpg,4,0.0,0.0,25.0,25.0
sofa,2008_002119.jpg,2011_001547.jpg,10,10.0,30.0,40.0,50.0
sofa,2008_002920.jpg,2010_005692.jpg,10,10.0,20.0,40.0,50.0
sofa,2008_003607.jpg,2008_008162.jpg,8,12.5,37.5,37.5,50.0
sofa,2008_004416.jpg,2011_000434.jpg,10,20.0,20.0,40.0,60.0
sofa,2008_004697.jpg,2008_001092.jpg,4,50.0,50.0,50.0,50.0
sofa,2008_004938.jpg,2010_005193.jpg,5,0.0,20.0,40.0,60.0
sofa,2008_005090.jpg,2008_006979.jpg,7,0.0,28.57142857142857,57.14285714285714,57.14285714285714
sofa,2008_005395.jpg,2008_008560.jpg,4,50.0,100.0,100.0,100.0
sofa,2008_005444.jpg,2009_000653.jpg,10,60.0,80.0,80.0,80.0
sofa,2008_005882.jpg,2010_005532.jpg,5,40.0,40.0,40.0,40.0
sofa,2008_006370.jpg,2010_000256.jpg,9,0.0,11.11111111111111,33.33333333333333,55.55555555555556
sofa,2008_006616.jpg,2009_000653.jpg,10,10.0,20.0,60.0,70.0
sofa,2008_006979.jpg,2008_005090.jpg,7,0.0,14.285714285714285,14.285714285714285,28.57142857142857
sofa,2008_007218.jpg,2009_001146.jpg,10,40.0,80.0,90.0,100.0
sofa,2008_007285.jpg,2011_001547.jpg,10,0.0,10.0,10.0,10.0
sofa,2008_008162.jpg,2008_003607.jpg,8,25.0,37.5,62.5,87.5
sofa,2008_008522.jpg,2010_000097.jpg,5,20.0,20.0,20.0,60.0
sofa,2008_008560.jpg,2008_005395.jpg,4,0.0,75.0,75.0,75.0
sofa,2008_008578.jpg,2009_004457.jpg,10,0.0,30.0,40.0,50.0
sofa,2008_008606.jpg,2011_001005.jpg,10,60.0,60.0,60.0,60.0
sofa,2009_000242.jpg,2008_001030.jpg,9,55.55555555555556,55.55555555555556,66.66666666666666,66.66666666666666
sofa,2009_000563.jpg,2009_000653.jpg,10,0.0,10.0,10.0,40.0
sofa,2009_000653.jpg,2009_002713.jpg,10,30.0,60.0,60.0,60.0
sofa,2009_001146.jpg,2011_001739.jpg,10,10.0,30.0,40.0,40.0
sofa,2009_001440.jpg,2010_005770.jpg,10,30.0,50.0,70.0,80.0
sofa,2009_001746.jpg,2009_004298.jpg,10,10.0,20.0,30.0,70.0
sofa,2009_002713.jpg,2009_000653.jpg,10,30.0,40.0,40.0,50.0
sofa,2009_002717.jpg,2009_004449.jpg,7,14.285714285714285,14.285714285714285,14.285714285714285,28.57142857142857
sofa,2009_003785.jpg,2008_004938.jpg,5,40.0,40.0,40.0,80.0
sofa,2009_004091.jpg,2009_004993.jpg,9,33.33333333333333,33.33333333333333,44.44444444444444,44.44444444444444
sofa,2009_004298.jpg,2009_001746.jpg,10,10.0,20.0,50.0,60.0
sofa,2009_004449.jpg,2009_002717.jpg,7,14.285714285714285,14.285714285714285,28.57142857142857,42.857142857142854
sofa,2009_004457.jpg,2009_004298.jpg,10,20.0,20.0,30.0,50.0
sofa,2009_004464.jpg,2008_008606.jpg,10,60.0,60.0,60.0,70.0
sofa,2009_004674.jpg,2008_001399.jpg,4,25.0,25.0,25.0,50.0
sofa,2009_004718.jpg,2011_001733.jpg,4,0.0,0.0,50.0,75.0
sofa,2009_004993.jpg,2009_004091.jpg,9,44.44444444444444,44.44444444444444,66.66666666666666,66.66666666666666
sofa,2010_000097.jpg,2008_008522.jpg,5,40.0,60.0,80.0,80.0
sofa,2010_000256.jpg,2008_006370.jpg,9,0.0,11.11111111111111,22.22222222222222,33.33333333333333
sofa,2010_000329.jpg,2008_006616.jpg,10,20.0,30.0,40.0,60.0
sofa,2010_003861.jpg,2010_004409.jpg,6,33.33333333333333,50.0,50.0,50.0
sofa,2010_004409.jpg,2010_003861.jpg,6,16.666666666666664,16.666666666666664,16.666666666666664,33.33333333333333
sofa,2010_005193.jpg,2008_004938.jpg,5,0.0,0.0,0.0,0.0
sofa,2010_005532.jpg,2008_005882.jpg,5,20.0,20.0,60.0,80.0
sofa,2010_005614.jpg,2011_000475.jpg,7,14.285714285714285,14.285714285714285,14.285714285714285,42.857142857142854
sofa,2010_005692.jpg,2009_001746.jpg,10,30.0,40.0,70.0,90.0
sofa,2010_005770.jpg,2009_001440.jpg,10,40.0,50.0,50.0,60.0
sofa,2011_000434.jpg,2010_005770.jpg,10,30.0,60.0,80.0,80.0
sofa,2011_000475.jpg,2010_005614.jpg,7,0.0,14.285714285714285,14.285714285714285,28.57142857142857
sofa,2011_000657.jpg,2011_001739.jpg,10,10.0,40.0,60.0,60.0
sofa,2011_000765.jpg,2008_008606.jpg,10,50.0,70.0,70.0,70.0
sofa,2011_001005.jpg,2008_008606.jpg,10,40.0,60.0,80.0,80.0
sofa,2011_001547.jpg,2008_007285.jpg,10,0.0,0.0,30.0,30.0
sofa,2011_001733.jpg,2009_004718.jpg,4,25.0,25.0,50.0,50.0
sofa,2011_001739.jpg,2009_001146.jpg,10,10.0,30.0,50.0,60.0
sofa,2011_002184.jpg,2008_001030.jpg,9,0.0,11.11111111111111,11.11111111111111,11.11111111111111
train,2008_000045.jpg,2008_008732.jpg,5,20.0,60.0,60.0,60.0
train,2008_000657.jpg,2008_008297.jpg,5,20.0,40.0,60.0,80.0
train,2008_000916.jpg,2010_002722.jpg,5,0.0,0.0,0.0,20.0
train,2008_001114.jpg,2010_002369.jpg,5,40.0,60.0,80.0,80.0
train,2008_001169.jpg,2009_002568.jpg,5,20.0,60.0,60.0,60.0
train,2008_001866.jpg,2009_004766.jpg,5,40.0,80.0,100.0,100.0
train,2008_002279.jpg,2009_003638.jpg,5,20.0,40.0,40.0,80.0
train,2008_003083.jpg,2009_003638.jpg,5,40.0,80.0,80.0,80.0
train,2008_005269.jpg,2008_000916.jpg,5,0.0,0.0,20.0,60.0
train,2008_005354.jpg,2009_002265.jpg,5,40.0,60.0,80.0,80.0
train,2008_005446.jpg,2010_002667.jpg,5,40.0,40.0,40.0,60.0
train,2008_005653.jpg,2009_000347.jpg,5,20.0,60.0,80.0,100.0
train,2008_005763.jpg,2009_005220.jpg,5,20.0,40.0,60.0,100.0
train,2008_006055.jpg,2009_004559.jpg,5,20.0,60.0,60.0,60.0
train,2008_006365.jpg,2009_004559.jpg,5,20.0,60.0,60.0,80.0
train,2008_006818.jpg,2009_003638.jpg,5,0.0,80.0,80.0,80.0
train,2008_007105.jpg,2009_003638.jpg,5,20.0,40.0,40.0,60.0
train,2008_007648.jpg,2011_002821.jpg,3,33.33333333333333,33.33333333333333,66.66666666666666,66.66666666666666
train,2008_007760.jpg,2010_004604.jpg,5,40.0,60.0,80.0,80.0
train,2008_007887.jpg,2009_004766.jpg,5,20.0,80.0,100.0,100.0
train,2008_008221.jpg,2009_001333.jpg,5,0.0,0.0,0.0,20.0
train,2008_008223.jpg,2009_004559.jpg,5,0.0,40.0,40.0,40.0
train,2008_008297.jpg,2008_000657.jpg,5,20.0,20.0,40.0,80.0
train,2008_008732.jpg,2008_008223.jpg,5,40.0,40.0,80.0,100.0
train,2008_008749.jpg,2008_005446.jpg,5,20.0,20.0,40.0,40.0
train,2009_000347.jpg,2008_005653.jpg,5,20.0,40.0,40.0,40.0
train,2009_000658.jpg,2011_001741.jpg,5,40.0,80.0,80.0,100.0
train,2009_001259.jpg,2010_001951.jpg,5,60.0,80.0,80.0,100.0
train,2009_001333.jpg,2010_005130.jpg,5,20.0,40.0,40.0,40.0
train,2009_001671.jpg,2009_002867.jpg,5,0.0,20.0,40.0,80.0
train,2009_002144.jpg,2010_001951.jpg,5,20.0,40.0,60.0,60.0
train,2009_002265.jpg,2008_005354.jpg,5,20.0,60.0,100.0,100.0
train,2009_002291.jpg,2011_000979.jpg,5,0.0,40.0,40.0,60.0
train,2009_002568.jpg,2009_004766.jpg,5,40.0,80.0,100.0,100.0
train,2009_002616.jpg,2009_003333.jpg,5,20.0,60.0,80.0,80.0
train,2009_002689.jpg,2011_000558.jpg,5,0.0,20.0,60.0,60.0
train,2009_002734.jpg,2009_004766.jpg,5,20.0,60.0,60.0,60.0
train,2009_002867.jpg,2009_004255.jpg,5,20.0,40.0,40.0,60.0
train,2009_002982.jpg,2009_003951.jpg,5,40.0,60.0,60.0,60.0
train,2009_003022.jpg,2009_004559.jpg,5,0.0,0.0,40.0,40.0
train,2009_003185.jpg,2011_002821.jpg,3,0.0,0.0,0.0,0.0
train,2009_003299.jpg,2008_007887.jpg,5,20.0,40.0,40.0,40.0
train,2009_003333.jpg,2009_002616.jpg,5,60.0,100.0,100.0,100.0
train,2009_003543.jpg,2009_005287.jpg,5,80.0,80.0,80.0,80.0
train,2009_003638.jpg,2008_003083.jpg,5,20.0,80.0,100.0,100.0
train,2009_003938.jpg,2009_004170.jpg,5,80.0,100.0,100.0,100.0
train,2009_003951.jpg,2009_002982.jpg,5,40.0,60.0,80.0,80.0
train,2009_004170.jpg,2009_003938.jpg,5,80.0,100.0,100.0,100.0
train,2009_004211.jpg,2010_002722.jpg,5,0.0,0.0,20.0,60.0
train,2009_004255.jpg,2009_002867.jpg,5,20.0,40.0,40.0,80.0
train,2009_004371.jpg,2009_002616.jpg,5,0.0,0.0,20.0,40.0
train,2009_004468.jpg,2009_002689.jpg,5,20.0,20.0,20.0,20.0
train,2009_004559.jpg,2008_008223.jpg,5,0.0,20.0,20.0,20.0
train,2009_004766.jpg,2009_002568.jpg,5,60.0,60.0,80.0,80.0
train,2009_005061.jpg,2011_001741.jpg,5,20.0,60.0,60.0,80.0
train,2009_005220.jpg,2008_005763.jpg,5,40.0,60.0,60.0,60.0
train,2009_005287.jpg,2009_003543.jpg,5,40.0,60.0,60.0,60.0
train,2010_000199.jpg,2011_000521.jpg,5,40.0,40.0,40.0,40.0
train,2010_000651.jpg,2008_005269.jpg,5,0.0,20.0,60.0,60.0
train,2010_001748.jpg,2009_005220.jpg,5,0.0,60.0,80.0,100.0
train,2010_001951.jpg,2009_001259.jpg,5,40.0,40.0,40.0,40.0
train,2010_002369.jpg,2011_000688.jpg,5,40.0,60.0,80.0,80.0
train,2010_002667.jpg,2008_005446.jpg,5,60.0,80.0,100.0,100.0
train,2010_002722.jpg,2008_000916.jpg,5,0.0,0.0,40.0,60.0
train,2010_004604.jpg,2009_002144.jpg,5,40.0,60.0,80.0,80.0
train,2010_004669.jpg,2009_004371.jpg,5,0.0,0.0,20.0,40.0
train,2010_004779.jpg,2009_002982.jpg,5,20.0,20.0,20.0,40.0
train,2010_005130.jpg,2009_001333.jpg,5,40.0,60.0,80.0,80.0
train,2010_005727.jpg,2011_000105.jpg,5,20.0,60.0,80.0,80.0
train,2011_000105.jpg,2010_005727.jpg,5,40.0,60.0,60.0,60.0
train,2011_000346.jpg,2011_000819.jpg,5,20.0,40.0,40.0,40.0
train,2011_000521.jpg,2010_000199.jpg,5,0.0,40.0,60.0,60.0
train,2011_000558.jpg,2009_002689.jpg,5,0.0,0.0,20.0,20.0
train,2011_000688.jpg,2010_002369.jpg,5,40.0,60.0,80.0,80.0
train,2011_000819.jpg,2008_003083.jpg,5,20.0,40.0,40.0,80.0
train,2011_000909.jpg,2009_004559.jpg,5,0.0,20.0,40.0,60.0
train,2011_000979.jpg,2009_004766.jpg,5,40.0,80.0,80.0,80.0
train,2011_001052.jpg,2009_002982.jpg,5,40.0,60.0,60.0,60.0
train,2011_001525.jpg,2009_003543.jpg,5,20.0,40.0,40.0,40.0
train,2011_001602.jpg,2011_003149.jpg,5,60.0,80.0,80.0,100.0
train,2011_001655.jpg,2009_004559.jpg,5,0.0,0.0,20.0,20.0
train,2011_001741.jpg,2009_000658.jpg,5,20.0,20.0,40.0,60.0
train,2011_001796.jpg,2011_000688.jpg,5,0.0,20.0,40.0,40.0
train,2011_002779.jpg,2009_004468.jpg,5,80.0,80.0,80.0,80.0
train,2011_002821.jpg,2009_003185.jpg,3,33.33333333333333,66.66666666666666,100.0,100.0
train,2011_003059.jpg,2009_004371.jpg,5,20.0,60.0,60.0,80.0
train,2011_003146.jpg,2011_000346.jpg,5,20.0,20.0,20.0,20.0
train,2011_003149.jpg,2009_003638.jpg,5,0.0,40.0,60.0,80.0
tvmonitor,2007_000187.jpg,2011_002218.jpg,4,50.0,75.0,100.0,100.0
tvmonitor,2007_001704.jpg,2008_005976.jpg,4,25.0,25.0,50.0,50.0
tvmonitor,2007_006704.jpg,2008_000145.jpg,4,25.0,25.0,25.0,25.0
tvmonitor,2007_009446.jpg,2009_000981.jpg,5,80.0,80.0,80.0,80.0
tvmonitor,2008_000002.jpg,2008_005976.jpg,4,50.0,50.0,50.0,50.0
tvmonitor,2008_000023.jpg,2010_003857.jpg,4,0.0,50.0,75.0,75.0
tvmonitor,2008_000145.jpg,2007_006704.jpg,4,50.0,50.0,50.0,50.0
tvmonitor,2008_000244.jpg,2009_002967.jpg,4,100.0,100.0,100.0,100.0
tvmonitor,2008_001428.jpg,2008_005976.jpg,4,25.0,50.0,75.0,75.0
tvmonitor,2008_002066.jpg,2008_005976.jpg,4,0.0,0.0,25.0,50.0
tvmonitor,2008_002464.jpg,2008_006668.jpg,4,50.0,50.0,50.0,50.0
tvmonitor,2008_002547.jpg,2008_004301.jpg,6,33.33333333333333,50.0,66.66666666666666,83.33333333333334
tvmonitor,2008_002680.jpg,2008_005976.jpg,4,25.0,50.0,50.0,50.0
tvmonitor,2008_003500.jpg,2008_005976.jpg,4,50.0,75.0,75.0,75.0
tvmonitor,2008_003585.jpg,2008_006668.jpg,4,75.0,75.0,100.0,100.0
tvmonitor,2008_003885.jpg,2008_004259.jpg,4,75.0,75.0,75.0,75.0
tvmonitor,2008_004004.jpg,2008_005976.jpg,4,75.0,100.0,100.0,100.0
tvmonitor,2008_004093.jpg,2010_001690.jpg,4,0.0,75.0,75.0,75.0
tvmonitor,2008_004259.jpg,2008_003885.jpg,4,100.0,100.0,100.0,100.0
tvmonitor,2008_004301.jpg,2011_001926.jpg,6,33.33333333333333,83.33333333333334,100.0,100.0
tvmonitor,2008_004930.jpg,2010_001690.jpg,4,0.0,50.0,75.0,100.0
tvmonitor,2008_005254.jpg,2008_005976.jpg,4,25.0,25.0,25.0,25.0
tvmonitor,2008_005255.jpg,2010_005133.jpg,4,25.0,25.0,25.0,25.0
tvmonitor,2008_005962.jpg,2009_002705.jpg,4,25.0,25.0,25.0,50.0
tvmonitor,2008_005976.jpg,2010_003688.jpg,4,50.0,50.0,75.0,75.0
tvmonitor,2008_006409.jpg,2009_004719.jpg,4,0.0,50.0,50.0,50.0
tvmonitor,2008_006617.jpg,2008_005976.jpg,4,0.0,0.0,0.0,0.0
tvmonitor,2008_006668.jpg,2008_005976.jpg,4,25.0,50.0,50.0,75.0
tvmonitor,2008_007114.jpg,2009_004719.jpg,4,50.0,75.0,75.0,75.0
tvmonitor,2008_007536.jpg,2008_005976.jpg,4,50.0,50.0,50.0,50.0
tvmonitor,2009_000216.jpg,2010_002094.jpg,4,50.0,100.0,100.0,100.0
tvmonitor,2009_000585.jpg,2008_005976.jpg,4,25.0,25.0,25.0,25.0
tvmonitor,2009_000981.jpg,2007_009446.jpg,5,60.0,80.0,80.0,80.0
tvmonitor,2009_001069.jpg,2008_005976.jpg,4,25.0,25.0,25.0,50.0
tvmonitor,2009_001452.jpg,2008_005976.jpg,4,25.0,50.0,50.0,75.0
tvmonitor,2009_001812.jpg,2008_005976.jpg,4,25.0,25.0,25.0,50.0
tvmonitor,2009_001852.jpg,2008_005976.jpg,4,25.0,50.0,50.0,50.0
tvmonitor,2009_002232.jpg,2008_005976.jpg,4,25.0,25.0,50.0,50.0
tvmonitor,2009_002562.jpg,2008_006409.jpg,4,25.0,50.0,50.0,50.0
tvmonitor,2009_002705.jpg,2008_005962.jpg,4,50.0,50.0,50.0,50.0
tvmonitor,2009_002967.jpg,2008_000244.jpg,4,50.0,75.0,100.0,100.0
tvmonitor,2009_002995.jpg,2009_005256.jpg,5,40.0,60.0,80.0,80.0
tvmonitor,2009_003523.jpg,2008_001428.jpg,4,0.0,0.0,100.0,100.0
tvmonitor,2009_003753.jpg,2007_006704.jpg,4,0.0,25.0,25.0,25.0
tvmonitor,2009_004341.jpg,2008_005976.jpg,4,25.0,50.0,50.0,75.0
tvmonitor,2009_004478.jpg,2008_004301.jpg,6,50.0,66.66666666666666,66.66666666666666,66.66666666666666
tvmonitor,2009_004719.jpg,2008_007114.jpg,4,50.0,100.0,100.0,100.0
tvmonitor,2009_005256.jpg,2009_002995.jpg,5,40.0,60.0,60.0,80.0
tvmonitor,2010_000053.jpg,2009_003753.jpg,4,0.0,25.0,50.0,75.0
tvmonitor,2010_000807.jpg,2008_007114.jpg,4,50.0,75.0,75.0,75.0
tvmonitor,2010_001690.jpg,2008_004930.jpg,4,75.0,100.0,100.0,100.0
tvmonitor,2010_002094.jpg,2009_000216.jpg,4,0.0,0.0,50.0,75.0
tvmonitor,2010_002427.jpg,2010_000053.jpg,4,25.0,50.0,75.0,75.0
tvmonitor,2010_002791.jpg,2008_005976.jpg,4,25.0,25.0,25.0,50.0
tvmonitor,2010_003236.jpg,2008_004093.jpg,4,50.0,50.0,75.0,75.0
tvmonitor,2010_003688.jpg,2008_005976.jpg,4,25.0,25.0,25.0,25.0
tvmonitor,2010_003857.jpg,2008_000023.jpg,4,0.0,0.0,0.0,0.0
tvmonitor,2010_005133.jpg,2008_002680.jpg,4,100.0,100.0,100.0,100.0
tvmonitor,2010_005158.jpg,2010_005345.jpg,4,75.0,100.0,100.0,100.0
tvmonitor,2010_005345.jpg,2011_002218.jpg,4,50.0,75.0,100.0,100.0
tvmonitor,2010_005678.jpg,2010_005158.jpg,4,100.0,100.0,100.0,100.0
tvmonitor,2011_000077.jpg,2011_002942.jpg,4,75.0,75.0,100.0,100.0
tvmonitor,2011_001926.jpg,2008_004301.jpg,6,66.66666666666666,66.66666666666666,66.66666666666666,66.66666666666666
tvmonitor,2011_002218.jpg,2008_005976.jpg,4,25.0,25.0,25.0,25.0
tvmonitor,2011_002942.jpg,2010_002791.jpg,4,50.0,75.0,75.0,75.0
