model,mode,PCK@0.05,PCK@0.1,PCK@0.15,PCK@0.2,total_keypoints,total_image_pairs
dinov2_vitl14,argmax,59.60850466443257,75.32605742233494,81.74531292455394,85.3579838782719,88328,12234
dinov3_vitb16,argmax,35.76668780001812,53.91382121184676,63.565347341726294,69.50230957340821,88328,12234
sam_vit_l_res1024,argmax,15.424327506566435,24.624128249252784,32.24798478398696,38.9672584005072,88328,12234
